date,price_eur_mwh,rate_eur,rate_usd,price_no_vat,price_with_vat
2020-01-02,12.074999809265137,26.422,23.6862,4968.921715452307,5962.706058542768
2020-01-03,12.984999656677246,26.422,23.6862,5225.591585914152,6270.709903096983
2020-01-06,12.279999732971191,26.422,23.6862,5026.742938183229,6032.091525819875
2020-01-07,11.93000030517578,26.422,23.6862,4928.023902076309,5913.6286824915705
2020-01-08,11.96500015258789,26.3932,23.6785,4932.630374891243,5919.156449869492
2020-01-09,12.18000030517578,26.4909,23.8345,5012.130539400769,6014.556647280922
2020-01-10,11.9399995803833,26.7998,24.119,5001.956160552755,6002.347392663306
2020-01-13,12.05500030517578,26.5874,23.9677,4995.210213090142,5994.25225570817
2020-01-14,11.30500030517578,26.6205,23.9275,4787.846700910473,5745.416041092568
2020-01-15,11.18000030517578,26.6889,24.0257,4764.772757545803,5717.727309054963
2020-01-16,11.114999771118164,26.7269,23.9821,4752.509565560303,5703.011478672363
2020-01-17,10.93000030517578,26.9003,24.0923,4729.925644209492,5675.910773051391
2020-01-21,10.774999618530272,26.9565,24.3257,4696.385526040528,5635.662631248633
2020-01-22,10.454999923706056,26.9695,24.2586,4606.014014722518,5527.216817667022
2020-01-23,10.43000030517578,26.9843,24.331,4601.721585983143,5522.065903179771
2020-01-24,10.454999923706056,27.1989,24.5212,4645.555340510687,5574.666408612824
2020-01-27,10.524999618530272,26.8495,24.3301,4606.740714976253,5528.088857971504
2020-01-28,10.789999961853027,27.121,24.5984,4730.189463205815,5676.227355846978
2020-01-29,10.149999618530272,27.2085,24.7204,4559.836943326836,5471.8043319922035
2020-01-30,9.779999732971191,27.3253,24.8491,4471.628935308343,5365.954722370011
2020-01-31,9.755000114440918,27.4751,24.9196,4488.386450402643,5386.063740483171
2020-02-03,9.210000038146973,27.6587,25.0294,4357.098820488146,5228.518584585775
2020-02-04,9.364999771118164,27.7512,25.0836,4417.397783095116,5300.877339714139
2020-02-05,9.3149995803833,27.4556,24.8523,4355.921649715158,5227.105979658189
2020-02-06,9.149999618530272,27.3152,24.7959,4285.990537517334,5143.1886450208
2020-02-07,9.06999969482422,27.0435,24.5794,4220.457820773999,5064.549384928799
2020-02-10,8.645000457763672,26.9048,24.537,4077.288381273728,4892.746057528473
2020-02-11,8.555000305175781,26.8518,24.5188,4043.6530350514913,4852.383642061789
2020-02-12,8.720000267028809,26.6205,24.4236,4056.4584053826015,4867.750086459122
2020-02-13,8.890000343322754,26.7246,24.4966,4120.674517894868,4944.809421473841
2020-02-14,8.880000114440918,26.5872,24.4795,4097.352843030434,4916.823411636521
2020-02-18,9.380000114440918,26.4954,24.4456,4224.951386468286,5069.941663761942
2020-02-19,9.56999969482422,26.4291,24.4431,4268.362477875561,5122.0349734506735
2020-02-20,9.5649995803833,26.4862,24.5231,4276.3459786324975,5131.615174358997
2020-02-21,9.40999984741211,26.4249,24.4777,4222.798802282122,5067.358562738546
2020-02-24,9.045000076293944,26.4129,24.453,4117.879005849166,4941.4548070189985
2020-02-25,9.005000114440918,26.5109,24.4995,4121.552080424722,4945.862496509666
2020-02-26,9.06999969482422,26.6035,24.5307,4154.05679545741,4984.868154548892
2020-02-27,8.869999885559082,26.8021,24.649,4127.426870482032,4952.912244578439
2020-02-28,8.875,26.9299,24.561,4147.2188221875,4976.662586625001
2020-03-02,8.885000228881836,26.9789,24.59,4157.543673805413,4989.052408566496
2020-03-03,9.170000076293944,27.6075,24.818,4336.1797531095945,5203.4157037315135
2020-03-04,8.90999984741211,27.6856,24.9386,4271.930251203598,5126.316301444318
2020-03-05,8.850000381469727,27.7047,24.8908,4256.713263943784,5108.055916732541
2020-03-06,8.645000457763672,27.6942,24.7413,4193.590930906231,5032.309117087477
2020-03-09,8.625,27.6942,24.7413,4187.678083875,5025.21370065
2020-03-10,8.994999885559082,28.2336,24.9215,4378.810495858231,5254.5725950298765
2020-03-11,9.369999885559082,28.7916,25.3135,4579.959565676546,5495.951478811855
2020-03-12,9.324999809265137,29.0499,25.624,4607.631352664154,5529.157623196985
2020-03-13,9.28499984741211,29.054,25.858,4597.362160924645,5516.834593109574
2020-03-16,8.739999771118164,28.9901,26.089,4420.4476241180955,5304.537148941715
2020-03-17,8.470000267028809,29.5249,26.5249,4416.603803436688,5299.924564124026
2020-03-18,8.265000343322754,29.7271,27.0566,4384.055372961442,5260.866447553731
2020-03-19,8.545000076293945,29.7936,27.2685,4483.892301115037,5380.670761338045
2020-03-20,8.295000076293945,30.0934,27.8025,4450.3751190342045,5340.450142841045
2020-03-23,7.849999904632568,29.6359,27.7386,4244.250823954251,5093.100988745101
2020-03-24,7.909999847412109,30.2463,28.1126,4349.7676520075365,5219.721182409044
2020-03-25,7.744999885559082,30.1057,27.7728,4275.170994108667,5130.205192930401
2020-03-26,7.574999809265137,30.2671,27.9552,4243.379619560819,5092.055543472983
2020-03-27,7.21999979019165,30.8633,28.1381,4207.63221117534,5049.158653410407
2020-03-30,6.894999980926514,30.9027,28.183,4105.848607345418,4927.018328814501
2020-03-31,6.900000095367432,30.9617,28.0615,4114.209015520476,4937.050818624571
2020-04-01,6.824999809265137,30.2564,27.6289,3997.597518395106,4797.117022074127
2020-04-02,6.934999942779541,30.3238,27.7538,4042.519229252362,4851.023075102834
2020-04-03,6.920000076293945,30.0812,27.5962,4005.776880199269,4806.932256239123
2020-04-06,7.284999847412109,29.5601,27.373,4053.20595358777,4863.847144305325
2020-04-07,7.284999847412109,29.3827,27.2365,4029.0605303017337,4834.87263636208
2020-04-08,7.260000228881836,29.567,27.0996,4044.456149741454,4853.347379689744
2020-04-09,7.28000020980835,29.5762,27.1965,4052.599964291938,4863.119957150325
2020-04-13,7.28000020980835,29.5606,27.2022,4050.591755106999,4860.710106128398
2020-04-14,6.875,29.5376,27.0404,3918.8305060000007,4702.596607200001
2020-04-15,6.650000095367432,29.7081,27.0899,3869.408331369252,4643.289997643103
2020-04-16,6.90500020980835,29.6351,27.2219,3941.8519903363567,4730.2223884036275
2020-04-17,6.994999885559082,29.6341,27.2022,3970.068649209801,4764.082379051762
2020-04-20,6.619999885559082,29.6341,27.2022,3851.439642647301,4621.727571176761
2020-04-21,6.315000057220459,29.4277,27.0774,3729.218933687775,4475.062720425331
2020-04-22,6.224999904632568,29.3577,27.0815,3692.584797049972,4431.101756459966
2020-04-23,6.054999828338623,29.4181,27.0536,3646.255794554267,4375.50695346512
2020-04-24,5.769999980926514,29.1383,27.0137,3524.3289597421667,4229.1947516906
2020-04-27,5.940000057220459,29.3306,27.1441,3600.5067788659635,4320.608134639156
2020-04-28,6.144999980926514,29.4184,27.1025,3674.870501160135,4409.844601392162
2020-04-29,6.014999866485596,29.4274,27.0485,3634.75491173312,4361.705894079743
2020-04-30,6.21999979019165,29.2424,26.9714,3676.497489405676,4411.796987286812
2020-05-01,5.84499979019165,29.2424,26.9714,3559.4365069056757,4271.323808286811
2020-05-04,5.739999771118164,29.2939,26.9592,3532.485154475816,4238.982185370979
2020-05-05,5.675000190734863,29.5078,26.9749,3536.6353937056742,4243.9624724468085
2020-05-06,5.764999866485596,29.2691,26.9774,3537.5705032962396,4245.084603955487
2020-05-07,5.84499979019165,29.1017,26.9323,3542.8953227083025,4251.474387249963
2020-05-08,5.829999923706055,28.9117,26.8185,3515.535212628217,4218.64225515386
2020-05-11,5.704999923706055,28.9117,26.8185,3476.956162940717,4172.34739552886
2020-05-12,5.315000057220459,29.0966,26.8196,3376.9564913480294,4052.347789617635
2020-05-13,5.119999885559082,29.0843,26.7947,3314.898779518967,3977.87853542276
2020-05-14,5.264999866485596,29.0291,26.6897,3353.1913681383035,4023.829641765964
2020-05-15,5.21999979019165,28.7869,26.6792,3312.7550831758613,3975.306099811033
2020-05-18,4.920000076293945,28.7677,26.638,3218.2660776295043,3861.919293155405
2020-05-19,4.610000133514404,28.791,26.571,3125.0245377848414,3750.0294453418096
2020-05-20,4.460000038146973,29.0217,26.5159,3101.8647419181857,3722.2376903018226
2020-05-21,3.825000047683716,29.1403,26.5854,2916.7589078956025,3500.110689474723
2020-05-22,3.890000104904175,29.4616,26.7699,2968.660748942634,3562.392898731161
2020-05-26,4.125,29.3157,26.8742,3029.0297901875,3634.835748225
2020-05-27,3.694999933242798,29.5084,26.9029,2912.534809371337,3495.041771245604
2020-05-28,3.509999990463257,29.7151,27.0002,2873.6647606498623,3448.397712779835
2020-05-29,4.385000228881836,29.6234,26.9059,3141.4270182042565,3769.712421845108
2020-06-01,4.054999828338623,29.9275,26.8685,3066.224687345799,3679.4696248149585
2020-06-02,4.849999904632568,29.8043,26.8181,3306.928649532812,3968.314379439374
2020-06-03,5.329999923706055,29.9185,26.7955,3472.0932102582415,4166.51185230989
2020-06-04,5.389999866485596,29.9609,26.7544,3495.69351522274,4194.832218267288
2020-06-05,5.710000038146973,29.9975,26.6953,3601.84311234055,4322.2117348086595
2020-06-08,5.25,29.9975,26.6953,3454.5403763749996,4145.44845165
2020-06-09,4.804999828338623,30.1477,26.6005,3327.150439992286,3992.580527990743
2020-06-10,4.800000190734863,30.0872,26.6412,3319.474832260388,3983.369798712465
2020-06-11,4.989999771118164,30.2859,26.6367,3401.660037927049,4081.9920455124584
2020-06-12,5.275000095367432,30.1723,26.5999,3481.10346865433,4177.324162385195
2020-06-15,5.514999866485596,30.2119,26.7303,3563.691239427498,4276.4294873129975
2020-06-16,5.260000228881836,30.2062,26.844,3481.560141903219,4177.872170283863
2020-06-17,5.210000038146973,30.239,26.7424,3468.356876563894,4162.028251876673
2020-06-18,5.449999809265137,30.0681,26.776,3526.9813891535023,4232.377666984203
2020-06-19,5.614999771118164,30.0579,26.7633,3578.704815546624,4294.445778655949
2020-06-22,5.494999885559082,29.9953,26.7207,3532.912469718538,4239.494963662245
2020-06-23,5.829999923706055,29.8952,26.6695,3628.2764702022178,4353.93176424266
2020-06-24,5.664999961853027,30.1227,26.6078,3601.122324195966,4321.346789035159
2020-06-25,5.255000114440918,30.0675,26.6509,3463.518087419666,4156.221704903599
2020-06-26,5.105000019073486,29.9122,26.7002,3398.938233765407,4078.725880518488
2020-06-29,5.840000152587891,29.9122,26.7002,3633.6331366232566,4360.359763947908
2020-06-30,6.164999961853027,29.95,26.6922,3741.863339553793,4490.236007464551
2020-07-01,5.864999771118164,29.8677,26.6676,3636.2441993613425,4363.493039233611
2020-07-02,5.945000171661377,29.9971,26.77,3677.530900131742,4413.03708015809
2020-07-06,6.09499979019165,30.5069,27.1716,3788.5352231360703,4546.242267763284
2020-07-07,6.125,30.7226,27.1269,3823.633096625,4588.3597159500005
2020-07-08,5.934999942779541,30.409,26.9309,3723.448393800319,4468.138072560383
2020-07-09,5.755000114440918,30.4295,26.9514,3667.503429611906,4401.004115534287
2020-07-10,5.474999904632568,30.5359,26.9335,3588.3318006005093,4305.998160720611
2020-07-13,5.110000133514404,30.3988,26.9505,3454.6658354763845,4145.599002571661
2020-07-14,5.085000038146973,30.687,27.0883,3478.4691348713277,4174.162961845593
2020-07-15,5.224999904632568,30.8745,27.1436,3545.153612255798,4254.184334706958
2020-07-16,5.059999942779541,31.0309,27.119,3507.409194995445,4208.891033994534
2020-07-17,5.114999771118164,31.129,27.2738,3537.219607067091,4244.663528480509
2020-07-20,4.730000019073486,31.2554,27.3606,3422.972351213896,4107.566821456675
2020-07-21,4.789999961853027,31.5908,27.6011,3479.5953089856284,4175.514370782754
2020-07-22,4.829999923706055,31.6719,27.6647,3502.0051954302057,4202.4062345162465
2020-07-23,4.985000133514404,32.1898,27.7798,3610.355963654036,4332.427156384843
2020-07-24,5.010000228881836,32.2366,27.8779,3624.580535564124,4349.496642676948
2020-07-27,4.784999847412109,32.2246,27.7559,3545.1114571851317,4254.133748622158
2020-07-28,4.960000038146973,32.6049,27.7571,3645.753483727333,4374.9041804727995
2020-07-29,5.175000190734863,32.4539,27.6851,3703.7199407667126,4444.463928920055
2020-07-30,5.224999904632568,32.4696,27.6867,3722.7661191944103,4467.319343033292
2020-07-31,6.025000095367432,32.547,27.6913,4009.195602009386,4811.034722411263
2020-08-03,6.800000190734863,32.7812,27.6798,4307.887834245626,5169.4654010947515
2020-08-04,7.355000019073486,32.5169,27.7365,4467.61152003325,5361.133824039899
2020-08-05,7.320000171661377,32.7234,27.8225,4483.175415615146,5379.810498738176
2020-08-06,7.940000057220459,32.9012,27.7028,4723.543148496989,5668.251778196386
2020-08-07,7.929999828338623,32.7972,27.6793,4705.524345449616,5646.629214539539
2020-08-10,7.590000152587891,32.6848,27.6486,4571.182566339478,5485.4190796073735
2020-08-11,7.414999961853027,32.4653,27.6007,4480.723770692016,5376.868524830419
2020-08-12,7.170000076293945,32.5562,27.5982,4407.6079959650015,5289.129595158001
2020-08-13,7.309999942779541,32.3961,27.5266,4434.762570636542,5321.7150847638495
2020-08-14,8.020000457763672,32.4185,27.4083,4682.650901417123,5619.181081700548
2020-08-17,8.180000305175781,32.3082,27.3474,4722.109865052087,5666.531838062504
2020-08-18,8.550000190734863,32.3741,27.3061,4858.984838291733,5830.781805950079
2020-08-19,8.354999542236328,32.4973,27.2297,4808.664868460311,5770.3978421523725
2020-08-20,8.149999618530273,32.6044,27.316,4753.139762728711,5703.767715274453
2020-08-21,7.619999885559082,32.5529,27.4812,4562.800261881529,5475.360314257835
2020-08-24,8.359999656677246,32.5529,27.4812,4819.951815894586,5783.942179073502
2020-08-25,8.864999771118164,32.2416,27.3942,4948.80394092366,5938.5647291083915
2020-08-26,9.149999618530272,32.4087,27.4383,5072.420144650638,6086.904173580765
2020-08-27,8.869999885559082,32.2812,27.386,4956.335230263453,5947.602276316144
2020-08-28,11.170000076293944,32.4279,27.4615,5774.729206685511,6929.675048022613
2020-08-31,11.239999771118164,32.7334,27.4759,5852.015855572039,7022.419026686447
2020-09-01,11.295000076293944,32.895,27.5618,5899.899008165935,7079.878809799122
2020-09-02,11.109999656677246,33.0721,27.6049,5865.670089466733,7038.804107360079
2020-09-03,11.734999656677246,32.7996,27.6428,6037.886488340437,7245.463786008524
2020-09-04,11.68000030517578,32.7319,27.6908,6006.884375732396,7208.261250878874
2020-09-08,10.800000190734863,32.8099,27.7509,5712.944532554063,6855.533439064875
2020-09-09,10.734999656677246,32.798,27.8032,5688.516985546301,6826.220382655561
2020-09-10,10.515000343322754,32.768,27.8296,5606.692790093751,6728.0313481125
2020-09-11,10.494999885559082,32.9687,27.8346,5632.926535611064,6759.511842733276
2020-09-14,10.704999923706056,33.0674,27.9003,5723.805202793657,6868.5662433523885
2020-09-15,10.895000457763672,33.2476,28.0003,5822.095774568626,6986.514929482351
2020-09-16,11.31999969482422,33.3441,28.0556,5990.104375973208,7188.1252511678495
2020-09-17,11.119999885559082,33.3877,28.1195,5926.82983666169,7112.195803994028
2020-09-18,11.475000381469728,33.1744,28.1127,6015.799793842438,7218.959752610925
2020-09-21,11.494999885559082,33.3456,28.1718,6053.409297363121,7264.091156835745
2020-09-22,11.704999923706056,33.1996,28.2022,6102.322388110989,7322.786865733187
2020-09-23,12.020000457763672,33.1151,28.2059,6198.631577921148,7438.357893505377
2020-09-24,11.635000228881836,32.9609,28.1874,6035.0305797963165,7242.03669575558
2020-09-25,11.664999961853027,32.8942,28.2487,6034.115897379859,7240.9390768558305
2020-09-28,12.350000381469728,32.8763,28.2673,6271.455505503518,7525.746606604222
2020-09-29,12.279999732971191,33.0376,28.3062,6276.893507725246,7532.272209270295
2020-09-30,13.28499984741211,33.1309,28.2989,6649.497655171381,7979.397186205657
2020-10-01,13.18000030517578,33.1643,28.3105,6618.919056741048,7942.702868089257
2020-10-02,13.024999618530272,33.3282,28.3343,6595.73502840626,7914.882034087512
2020-10-05,13.420000076293944,33.2324,28.3408,6717.472164465725,8060.966597358869
2020-10-06,13.30500030517578,33.4037,28.4009,6710.536142808453,8052.643371370144
2020-10-07,13.710000038146973,33.4822,28.3639,6870.392772734586,8244.471327281502
2020-10-08,13.899999618530272,33.3303,28.324,6907.398476522709,8288.87817182725
2020-10-09,13.755000114440918,33.2799,28.2836,6845.456268694115,8214.547522432938
2020-10-12,13.84000015258789,33.2791,28.2098,6875.016543407519,8250.019852089023
2020-10-13,13.595000267028809,33.3398,28.2481,6800.275437461184,8160.3305249534205
2020-10-14,13.869999885559082,33.3398,28.2481,6898.148452070206,8277.778142484247
2020-10-15,14.239999771118164,33.3935,28.3164,7041.302273909208,8449.56272869105
2020-10-16,14.5,33.1764,28.3365,7088.923631250002,8506.708357500002
2020-10-19,14.720000267028809,33.3018,28.3649,7193.419831977865,8632.103798373439
2020-10-20,14.895000457763672,33.4343,28.3762,7283.84497286846,8740.613967442152
2020-10-21,14.864999771118164,33.5044,28.3707,7287.967231438244,8745.560677725893
2020-10-22,15.255000114440918,33.5312,28.2737,7432.623408013619,8919.148089616343
2020-10-23,15.40999984741211,33.4106,28.265,7461.772801628285,8954.127361953942
2020-10-26,14.864999771118164,33.549,28.2911,7296.911438154272,8756.293725785126
2020-10-27,14.744999885559082,33.4908,28.3352,7241.952493135736,8690.342991762884
2020-10-28,14.484999656677246,33.5578,28.3655,7163.130365536656,8595.756438643988
2020-10-29,14.21500015258789,33.3133,28.3989,7016.472216675726,8419.76666001087
2020-10-30,14.0600004196167,33.2984,28.4383,6958.573885107129,8350.288662128554
2020-11-02,13.654999732971191,33.2475,28.4507,6804.55584791442,8165.467017497304
2020-11-03,13.664999961853027,33.2917,28.5827,6817.763630030489,8181.316356036587
2020-11-04,13.885000228881836,33.4806,28.6,6934.142655228607,8320.971186274328
2020-11-05,14.454999923706056,33.4249,28.5074,7125.6982311899965,8550.837877427995
2020-11-06,13.899999618530272,33.5819,28.3643,6958.420698248145,8350.104837897774
2020-11-09,13.854999542236328,33.4245,28.1375,6909.144319979429,8290.973183975315
2020-11-10,14.03499984741211,33.3938,28.1116,6966.96428813065,8360.35714575678
2020-11-11,14.095000267028809,33.2006,28.1206,6949.029519614392,8338.83542353727
2020-11-12,14,33.1441,28.161,6904.160935000001,8284.993122
2020-11-13,14.239999771118164,33.266,28.1963,7014.34048647073,8417.208583764876
2020-11-16,14.494999885559082,33.2118,28.1158,7093.0957966015785,8511.714955921894
2020-11-17,13.970000267028809,33.241,28.112,6912.853169504552,8295.423803405462
2020-11-18,13.68000030517578,33.3964,28.1067,6840.901318147171,8209.081581776605
2020-11-19,13.020000457763672,33.3608,28.13,6598.909238821792,7918.69108658615
2020-11-20,12.895000457763672,33.4353,28.2572,6569.4458494983455,7883.335019398014
2020-11-23,13.53499984741211,33.6266,28.3553,6836.359424401448,8203.631309281738
2020-11-24,13.899999618530272,33.7553,28.3694,6993.438355792027,8392.126026950433
2020-11-25,13.93000030517578,33.6801,28.3741,6989.082817746396,8386.899381295676
2020-11-27,14.484999656677246,33.8455,28.4428,7223.471426019745,8668.165711223694
2020-11-30,15.140000343322754,33.9596,28.4681,7484.817761910929,8981.781314293115
2020-12-01,14.90999984741211,34.1456,28.4962,7441.151889681061,8929.382267617273
2020-12-02,14.904999732971191,34.2157,28.5583,7454.625286454534,8945.55034374544
2020-12-03,14.145000457763672,34.316,28.4367,7196.7475529395,8636.097063527399
2020-12-04,14.645000457763672,34.4047,28.3038,7397.652976385443,8877.183571662532
2020-12-07,14.354999542236328,34.3895,28.2913,7287.923091638834,8745.507709966601
2020-12-08,14.44499969482422,34.2586,28.2394,7293.456358868996,8752.147630642796
2020-12-09,14.734999656677246,34.0546,28.0828,7355.5250356159,8826.63004273908
2020-12-10,15.539999961853027,33.9558,28.0406,7626.233466772556,9151.480160127066
2020-12-11,15.960000038146973,33.9946,28.075,7787.377712143245,9344.853254571894
2020-12-14,16.604999542236328,33.8941,27.9666,7997.56499645967,9597.077995751602
2020-12-15,17.225000381469727,33.888,27.8661,8219.797688248353,9863.757225898024
2020-12-16,16.3799991607666,33.6897,27.759,7868.16541123016,9441.798493476192
2020-12-17,15.9399995803833,33.8021,27.7373,7734.910299286595,9281.892359143912
2020-12-18,15.885000228881836,34.0789,27.8184,7777.29960715294,9332.759528583529
2020-12-21,16.795000076293945,34.1018,27.828,8113.7404011987965,9736.488481438557
2020-12-22,17.635000228881836,34.1811,28.0391,8440.054570252647,10128.065484303175
2020-12-23,17.5049991607666,34.5669,28.2513,8486.673505608986,10184.008206730785
2020-12-24,17.649999618530273,34.6156,28.4551,8553.269046288724,10263.922855546469
2020-12-28,19.149999618530273,34.5601,28.3547,9092.595541139728,10911.114649367672
2020-12-29,18.774999618530273,34.6458,28.3668,8976.075715040743,10771.290858048891
2020-12-30,19,34.6375,28.2605,9056.478376250005,10867.774051500002
2020-12-31,19.125,34.7396,28.2746,9129.083030250002,10954.899636300002
2021-01-04,19.844999313354492,34.7396,28.2746,9396.09134121079,11275.309609452946
2021-01-05,18.0049991607666,34.9389,28.431,8763.689000776305,10516.426800931566
2021-01-06,17.565000534057617,34.846,28.4028,8577.021658909312,10292.425990691174
2021-01-07,19.30500030517578,34.846,28.4028,9224.268600769608,11069.122320923529
2021-01-08,20.1200008392334,34.846,28.4028,9527.43335517892,11432.920026214702
2021-01-11,22.125,34.909,28.2847,10290.735248625,12348.88229835
2021-01-12,26.155000686645508,34.2817,28.2038,11583.380201145332,13900.056241374396
2021-01-13,21.5,34.0787,28.046,9821.40506125,11785.6860735
2021-01-14,21.334999084472656,34.0373,27.9705,9749.253573057307,11699.10428766877
2021-01-15,20.200000762939453,33.9888,28.0609,9324.390322067657,11189.268386481188
2021-01-19,20.325000762939453,34.0158,28.1926,9377.893219662556,11253.471863595068
2021-01-20,20.260000228881836,34.1555,28.1544,9391.714002202598,11270.056802643116
2021-01-21,20.065000534057617,34.1488,28.2035,9319.139277034532,11182.967132441438
2021-01-22,21.48500061035156,34.3651,28.2561,9898.27722376841,11877.932668522091
2021-01-25,20.15999984741211,34.2526,28.1648,9381.399382006774,11257.679258408129
2021-01-26,19.510000228881836,34.2265,28.1665,9136.911347501074,10964.293617001287
2021-01-27,19.700000762939453,34.1897,28.1524,9196.537312703866,11035.84477524464
2021-01-28,20.90999984741211,34.1207,28.1652,9619.15471989662,11542.985663875945
2021-01-29,19.81999969482422,34.1035,28.1929,9217.756263399271,11061.307516079129
2021-02-01,18.13999938964844,34.157,28.1324,8618.969149949966,10342.762979939958
2021-02-02,18.25,33.9039,28.0603,8595.795166375001,10314.95419965
2021-02-03,17.854999542236328,33.7913,28.0589,8425.354111137016,10110.424933364418
2021-02-04,18.1200008392334,33.6374,27.995,8482.550183251295,10179.060219901554
2021-02-05,18.3799991607666,33.4509,27.8885,8528.676044919524,10234.411253903429
2021-02-08,20.18000030517578,33.2823,27.7711,9125.358883125462,10950.430659750557
2021-02-09,19.045000076293945,33.2604,27.6651,8715.801029488528,10458.961235386234
2021-02-10,18.559999465942383,33.4406,27.6426,8588.774907652965,10306.529889183555
2021-02-11,17.375,33.6655,27.7665,8220.2732209375,9864.327865125
2021-02-12,17.6200008392334,33.8111,27.8384,8343.943179257443,10012.731815108931
2021-02-16,16.71500015258789,33.9297,27.9671,8045.620941979764,9654.745130375715
2021-02-17,16.540000915527344,33.7708,27.8304,7944.81685265062,9533.780223180744
2021-02-18,17.329999923706055,33.6422,27.9038,8199.43297215052,9839.319566580623
2021-02-19,16.55500030517578,33.6478,27.8461,7922.023231941169,9506.427878329405
2021-02-22,15.960000038146973,33.7768,27.846800000000002,7737.172937154553,9284.607524585464
2021-02-23,16.25,33.8866,27.9304,7867.184324750001,9440.6211897
2021-02-24,16.3799991607666,33.883,27.8976,7913.176874948421,9495.812249938104
2021-02-25,15.9350004196167,33.9289,27.9492,7762.811106993895,9315.373328392674
2021-02-26,15.69499969482422,34.1459,27.9301,7723.701209348645,9268.441451218374
2021-03-01,16.079999923706055,33.8449,27.9456,7796.402958535433,9355.683550242518
2021-03-02,15.869999885559082,33.717,28.0007,7692.392183809398,9230.870620571275
2021-03-03,15.524999618530272,33.6006,27.933,7542.276008296996,9050.731209956395
2021-03-04,15.93000030517578,33.5565,27.8477,7677.140686443737,9212.568823732485
2021-03-05,16.364999771118164,33.4062,27.7564,7798.096056903177,9357.715268283811
2021-03-08,16.149999618530273,33.4062,27.7564,7721.424597713629,9265.709517256357
2021-03-09,16.924999237060547,33.075,27.7091,7919.975776499677,9503.970931799611
2021-03-10,17.6299991607666,32.9741,27.7431,8144.738508366088,9773.686210039306
2021-03-11,18.125,32.9317,27.7016,8308.2434536875,9969.892144425
2021-03-12,18.450000762939453,33.1748,27.7486,8483.654327188133,10180.38519262576
2021-03-15,17.93000030517578,33.0839,27.7305,8277.133762254123,9932.560514704948
2021-03-16,17.65999984741211,32.9523,27.6434,8149.382069474799,9779.258483369758
2021-03-17,17.969999313354492,32.9632,27.6525,8261.160729831696,9913.392875798034
2021-03-18,17.760000228881836,32.9853,27.6978,8192.927578993433,9831.51309479212
2021-03-19,17.264999389648438,32.9785,27.6828,8016.915831315986,9620.298997579182
2021-03-22,18.045000076293945,32.9502,27.7184,8284.779310160891,9941.73517219307
2021-03-23,18.38999938964844,33.0072,27.6871,8420.160803091492,10104.192963709793
2021-03-24,18.59000015258789,32.9329,27.7295,8472.1945623186,10166.63347478232
2021-03-25,18.364999771118164,32.9389,27.8706,8395.500695007437,10074.600834008925
2021-03-26,18.700000762939453,33.0337,27.9698,8537.918919288963,10245.502703146754
2021-03-29,18.44499969482422,32.9532,27.9679,8427.837254846665,10113.404705815998
2021-03-30,18.80500030517578,32.9661,27.9694,8557.76442298286,10269.317307579431
2021-03-31,18.9950008392334,32.7233,27.8852,8561.892400024542,10274.270880029451
2021-04-01,19.170000076293945,32.629,27.8226,8598.288630824292,10317.94635698915
2021-04-05,19.170000076293945,32.8365,27.9555,8652.68422886829,10383.221074641946
2021-04-06,19.780000686645508,32.8632,27.939,8873.463913185311,10648.156695822372
2021-04-07,19.28499984741211,32.898,27.8384,8708.182875163247,10449.819450195895
2021-04-08,18.989999771118164,33.1388,27.8923,8666.597977881522,10399.917573457826
2021-04-09,18.940000534057617,33.2266,27.9768,8671.89377412701,10406.272528952411
2021-04-12,19.649999618530273,33.1522,27.9094,8903.713736247966,10684.45648349756
2021-04-13,19.510000228881836,33.2758,27.9335,8886.662724203215,10663.99526904386
2021-04-14,19.68000030517578,33.3218,28.0156,8959.698873754143,10751.638648504972
2021-04-15,20.260000228881836,33.4753,27.9765,9207.149830690656,11048.579796828786
2021-04-16,20.540000915527344,33.4616,27.9592,9303.360958228728,11164.033149874473
2021-04-19,20.940000534057617,33.525,27.9783,9463.921159378206,11356.705391253849
2021-04-20,21.065000534057617,33.7099,28.0087,9560.299530794831,11472.3594369538
2021-04-21,21.11000061035156,33.7362,28.0096,9583.829206658307,11500.595047989971
2021-04-22,21.3700008392334,33.6986,28.0576,9667.189441249577,11600.62732949949
2021-04-23,20.045000076293945,33.8103,28.0642,9220.449713398888,11064.539656078665
2021-04-26,20,33.6714,27.9014,9166.0886585,10999.306390199998
2021-04-27,21.405000686645508,33.6512,27.8558,9665.117112961305,11598.140535553566
2021-04-28,21.55500030517578,33.5577,27.7715,9691.952136435146,11630.342563722175
2021-04-29,22.5,33.526,27.7867,10021.27005675,12025.5240681
2021-04-30,23.28499984741211,33.6427,27.75,10337.213559612725,12404.656271535268
2021-05-03,23.815000534057617,33.6427,27.75,10527.555792136722,12633.066950564064
2021-05-04,23.049999237060547,33.6427,27.75,10252.816422126112,12303.379706551334
2021-05-05,23.959999084472656,33.5112,27.733,10538.86731258652,12646.640775103822
2021-05-06,24.329999923706055,33.2751,27.7339,10597.3119036745,12716.7742844094
2021-05-07,23.940000534057617,33.4129,27.7205,10501.264271789118,12601.51712614694
2021-05-10,25.190000534057617,33.4129,27.7205,10947.117656164117,13136.54118739694
2021-05-11,25.80500030517578,33.4904,27.7641,11192.2441304534,13430.69295654408
2021-05-12,26.420000076293945,33.6728,27.6744,11472.712432224404,13767.254918669289
2021-05-13,26.25,33.4953,27.6318,11352.116923875,13622.54030865
2021-05-14,26.829999923706055,33.3738,27.6273,11518.190102519116,13821.82812302294
2021-05-17,26.309999465942383,33.4781,27.6142,11367.708079564174,13641.249695477009
2021-05-18,24.809999465942383,33.4449,27.555,10820.693053403447,12984.831664084137
2021-05-19,22.665000915527344,33.5319,27.4368,10079.80692382829,12095.768308593948
2021-05-20,24.684999465942383,33.488,27.4166,10788.829834582735,12946.59580149928
2021-05-21,24.795000076293945,33.5174,27.4665,10837.826328322844,13005.391593987411
2021-05-24,24.760000228881836,33.4799,27.4572,10813.330136001896,12975.996163202277
2021-05-25,26.190000534057617,33.4911,27.4281,11327.950597259942,13593.54071671193
2021-05-26,26.424999237060547,33.6643,27.4553,11470.244247637693,13764.29309716523
2021-05-27,25.200000762939453,33.6765,27.5461,11034.539937024168,13241.447924429
2021-05-28,24.93000030517578,33.5693,27.526,10903.095289935436,13083.714347922523
2021-06-01,25.975000381469727,33.5116,27.4674,11258.116356715582,13509.739628058698
2021-06-02,25.725000381469727,33.5335,27.4381,11175.67618336726,13410.811420040713
2021-06-03,25.704999923706055,33.3348,27.3449,11102.786178050876,13323.343413661052
2021-06-04,25.795000076293945,33.2577,27.34,11109.43543034883,13331.322516418595
2021-06-07,26.489999771118164,33.0635,27.2914,11290.5833178405,13548.6999814086
2021-06-08,27.799999237060547,33.0781,27.1923,11757.42398034943,14108.908776419315
2021-06-09,28.299999237060547,33.1104,27.1764,11945.357667336364,14334.429200803635
2021-06-10,28.684999465942383,33.0248,27.0906,12050.103050123467,14460.12366014816
2021-06-11,27.844999313354492,32.989,27.1068,11741.521936067584,14089.8263232811
2021-06-14,28.809999465942383,32.7905,27.0404,12009.282637434228,14411.139164921073
2021-06-15,28.135000228881836,32.7053,26.9957,11742.581817121803,14091.098180546163
2021-06-16,28.030000686645508,32.6166,26.9258,11674.197194727743,14009.036633673291
2021-06-17,28.309999465942383,32.7722,27.0275,11827.672914763554,14193.207497716265
2021-06-18,29.405000686645508,32.4424,27.1712,12090.552146900873,14508.662576281047
2021-06-21,29.614999771118164,32.4424,27.1712,12163.279580033044,14595.935496039652
2021-06-22,30.73500061035156,32.2882,27.1935,12492.482247348864,14990.978696818636
2021-06-23,31.545000076293945,32.467,27.305,12842.142586567354,15410.571103880824
2021-06-24,32.01499938964844,32.6003,27.2737,13057.506952380149,15669.008342856176
2021-06-25,32.3849983215332,32.7928,27.4589,13264.288453580642,15917.14614429677
2021-06-28,32.28900146484375,32.7928,27.4589,13230.683492497805,15876.820190997363
2021-06-29,33.486000061035156,32.7401,27.3964,13627.654133136824,16353.184959764189
2021-06-30,34.62200164794922,32.3018,27.1763,13837.881635728676,16605.45796287441
2021-07-01,36.14300155639648,32.3463,27.2275,14382.230269276151,17258.67632313138
2021-07-02,35.82699966430664,32.5227,27.3841,14351.00640191154,17221.207682293847
2021-07-06,34.10499954223633,32.3732,27.2904,13690.14994835424,16428.17993802509
2021-07-07,32.3380012512207,32.2623,27.2497,13035.038280415478,15642.045936498573
2021-07-08,33.3120002746582,32.291,27.2993,13382.541382526448,16059.049659031736
2021-07-09,36.63199996948242,32.3191,27.2862,14539.370327531242,17447.24439303749
2021-07-12,34.64899826049805,32.4056,27.3234,13892.073483974476,16670.488180769367
2021-07-13,35.4630012512207,32.3459,27.2904,14147.661457434604,16977.193748921523
2021-07-14,34.775001525878906,32.372,27.3216,13921.383653799652,16705.660384559582
2021-07-15,33.797000885009766,32.2482,27.3047,13532.0330908092,16238.43970897104
2021-07-16,34.84199905395508,32.2369,27.2905,13886.875558303596,16664.250669964316
2021-07-19,35.64899826049805,32.141,27.2301,14122.583881992878,16947.100658391453
2021-07-20,35.165000915527344,32.0313,27.2132,13909.377717087544,16691.25326050505
2021-07-21,35.94900131225586,32.0344,27.2205,14178.85641677849,17014.627700134188
2021-07-22,36.12900161743164,32.0607,27.2405,14252.0867407652,17102.50408891824
2021-07-23,35.52299880981445,32.0343,27.1915,14032.947144504333,16839.536573405196
2021-07-26,36.91400146484375,31.845,27.048,14422.998165716856,17307.597798860228
2021-07-27,37.59000015258789,31.8087,26.9805,14635.86151783742,17563.033821404904
2021-07-28,39.698001861572266,31.7814,26.906,15338.143155179006,18405.77178621481
2021-07-29,41.15399932861328,31.7021,26.8628,15792.764862084365,18951.317834501235
2021-07-30,40.75600051879883,31.9239,26.8867,15766.565521220224,18919.87862546427
2021-08-02,42.15299987792969,31.8946,26.8168,16227.446198253128,19472.93543790375
2021-08-03,41.24300003051758,31.9032,26.8444,15922.037559773273,19106.445071727925
2021-08-04,42.25299835205078,31.8913,26.8411,16259.985354980285,19511.98242597634
2021-08-05,42.89899826049805,31.9482,26.9094,16509.44423971302,19811.33308765562
2021-08-06,43.11800003051758,31.8964,26.9395,16557.720794401055,19869.264953281265
2021-08-09,42.7859992980957,31.6756,26.8346,16331.366134740165,19597.6393616882
2021-08-10,44.654998779296875,31.5302,26.8011,16886.056151554778,20263.26738186573
2021-08-11,45.98600006103515,31.3617,26.7557,17242.047691118725,20690.457229342468
2021-08-12,45.87099838256836,31.4105,26.8042,17230.36040637621,20676.43248765145
2021-08-13,44.62799835205078,31.421,26.7686,16818.906655646235,20182.68798677548
2021-08-16,47.987998962402344,31.3978,26.6931,17932.305116796822,21518.766140156185
2021-08-17,46.94900131225586,31.3633,26.6457,17564.624683995,21077.549620794
2021-08-18,45.3849983215332,31.382,26.6752,17051.239762958838,20461.487715550604
2021-08-19,40.39500045776367,31.2379,26.6455,15309.554963985473,18371.46595678257
2021-08-20,41.944000244140625,31.169,26.6504,15791.595484032685,18949.91458083922
2021-08-23,41.68000030517578,31.169,26.6504,15703.755028540856,18844.506034249025
2021-08-24,44.869998931884766,31.169,26.6504,16765.160320857005,20118.192385028404
2021-08-25,45.28499984741211,31.1287,26.6718,16881.748542457717,20258.09825094926
2021-08-26,45.78799819946289,31.3438,26.7074,17165.74305726917,20598.891668723005
2021-08-27,47.805999755859375,31.5121,26.7744,17936.26012787813,21523.51215345375
2021-08-30,49.67900085449219,31.6645,26.929,18656.275273296706,22387.530327956043
2021-08-31,50.3380012512207,31.6963,26.8601,18897.370360955538,22676.844433146645
2021-09-01,50.23199844360352,31.8317,26.8928,18941.54651385119,22729.855816621428
2021-09-02,51.91600036621094,31.9323,27.0029,19575.608886173,23490.7306634076
2021-09-03,51.505001068115234,32.0067,27.0247,19480.526620557062,23376.631944668476
2021-09-07,53.90800094604492,31.8063,26.8102,20174.159066982767,24208.99088037932
2021-09-08,55.28799819946289,31.7091,26.7317,20579.65069181784,24695.580830181407
2021-09-09,56.58100128173828,31.6315,26.7452,20966.39994681227,25159.679936174725
2021-09-10,57.91600036621094,31.624,26.7264,21412.02557882776,25694.430694593313
2021-09-13,61.27899932861328,31.5843,26.6782,22518.92773443114,27022.71328131737
2021-09-14,65.76399993896484,31.4472,26.692,23927.62423855057,28713.14908626068
2021-09-15,70.707000732421875,31.4627,26.6362,25599.15059000188,30718.98070800226
2021-09-16,63.250999450683594,31.517,26.645,23134.564415410805,27761.47729849297
2021-09-17,65.102996826171875,31.37,26.6672,23647.793644415106,28377.352373298123
2021-09-20,75.31700134277344,31.4626,26.7028,27147.82931982326,32577.39518378791
2021-09-21,73.78199768066406,31.2701,26.7072,26470.41430307137,31764.497163685643
2021-09-22,71.69200134277344,31.3566,26.7081,25843.578384578843,31012.29406149461
2021-09-23,69.68399810791016,31.2856,26.6714,25114.59436211161,30137.51323453393
2021-09-24,70.23999786376953,31.0846,26.5272,25137.912669338693,30165.495203206432
2021-09-27,76.50700378417969,31.2153,26.6422,27331.94381101945,32798.332573223335
2021-09-28,78.56500244140625,31.1764,26.6556,27983.102441069703,33579.72292928364
2021-09-29,86.60900115966797,31.0335,26.5698,30519.910867190338,36623.893040628405
2021-09-30,97.77400207519533,30.981,26.576,34161.12313976311,40993.347767715735
2021-10-01,93.625,30.8231,26.6175,32622.983354062504,39147.580024875
2021-10-04,96.6520004272461,30.8716,26.61,33671.5579189608,40405.86950275296
2021-10-05,116.0199966430664,30.9261,26.5722,40124.528952104985,48149.434742525984
2021-10-06,108.19100189208984,30.6536,26.4244,37209.67579152323,44651.610949827875
2021-10-07,96.58399963378906,30.4135,26.3503,33150.704396054454,39780.84527526535
2021-10-08,87.60600280761719,30.4378,26.3314,30259.771300850844,36311.72556102101
2021-10-11,85.21600341796875,30.4768,26.3515,29520.893171191412,35425.071805429696
2021-10-12,85.697998046875,30.5012,26.36,29701.384180441895,35641.66101653027
2021-10-13,93.615997314453125,30.4265,26.349,32200.777603926625,38640.93312471195
2021-10-14,102.1719970703125,30.4265,26.349,34979.79103007904,41975.749236094845
2021-10-15,93.64800262451172,30.4265,26.349,32211.173021048988,38653.407625258784
2021-10-18,93.93299865722656,30.446,26.3419,32324.2888829838,38789.14665958056
2021-10-19,89.93199920654297,30.5611,26.3356,31140.521435152783,37368.62572218334
2021-10-20,93.45099639892578,30.6056,26.272,32334.91570925583,38801.898851107
2021-10-21,88.46299743652344,30.4836,26.2078,30583.126940402864,36699.75232848344
2021-10-22,87.33799743652344,30.4934,26.2016,30226.65789075469,36271.989468905624
2021-10-25,88.64299774169922,30.5774,26.2918,30736.00942539459,36883.2113104735
2021-10-26,88.49299621582031,30.5749,26.3509,30684.933113990228,36821.91973678827
2021-10-27,86.819000244140625,30.6791,26.419,30241.135397413407,36289.36247689609
2021-10-28,77.03199768066406,30.6447,26.3712,27005.4657837906,32406.558940548715
2021-10-29,64.86399841308594,30.5032,26.3265,22919.10287875641,27502.92345450769
2021-11-01,65.61900329589844,30.5953,26.2767,23234.05779642884,27880.86935571461
2021-11-02,67.60600280761719,30.4358,26.2933,23759.505022440902,28511.40602692908
2021-11-03,76.54199981689453,30.4903,26.2904,26710.25120115711,32052.30144138853
2021-11-04,73.3759994506836,30.3646,26.2431,25574.295046173425,30689.154055408108
2021-11-05,74.0270004272461,30.2848,26.19,25717.648909604497,30861.17869152539
2021-11-08,79.0739974975586,30.0969,26.102,27180.0876271596,32616.105152591517
2021-11-09,72.58699798583984,30.2026,26.0806,25183.32284429407,30219.98741315289
2021-11-10,70.12300109863281,30.2075,26.0927,24392.9063912082,29271.48766944984
2021-11-11,74.79000091552734,30.1186,26.0575,25821.90234155674,30986.282809868084
2021-11-12,75.67500305175781,29.9144,26.1022,25930.87496853681,31117.049962244164
2021-11-15,79.9469985961914,29.9007,26.1107,27282.709437625876,32739.25132515105
2021-11-16,94.18900299072266,30.1468,26.3371,32090.656440225663,38508.78772827079
2021-11-17,95.003997802734375,30.0266,26.4133,32225.10874977176,38670.13049972611
2021-11-18,95.16699981689452,29.9974,26.5147,32246.787658030556,38696.14518963666
2021-11-19,87.125,29.9688,26.4427,29642.96961925,35571.5635431
2021-11-22,84.016998291015625,29.9796,26.5694,28659.74752447992,34391.6970293759
2021-11-23,90.927001953125,30.0591,26.6588,30953.157908568,37143.7894902816
2021-11-24,93.98400115966795,30.2354,26.8604,32121.67950397779,38546.015404773345
2021-11-26,87.772003173828125,30.3376,27.0256,30218.955867216555,36262.747040659866
2021-11-29,93.14600372314452,30.5752,27.1033,32208.78371640811,38650.54045968973
2021-11-30,92.51300048828124,30.6481,27.1739,32078.518520827733,38494.222224993275
2021-12-01,95.6750030517578,30.9221,27.2142,33407.75543967767,40089.3065276132
2021-12-02,94.83000183105467,30.8443,27.2296,33046.01515347338,39655.21818416806
2021-12-03,89.477996826171875,30.9438,27.2933,31384.560460925022,37661.47255311003
2021-12-06,89.9280014038086,30.8277,27.2981,31415.588544503335,37698.706253404
2021-12-07,95.88300323486328,30.9055,27.3791,33459.60197562134,40151.52237074561
2021-12-08,101.5019989013672,30.7277,27.3317,35110.95150402344,42133.14180482813
2021-12-09,100.44499969482422,30.7698,27.2167,34810.88332018464,41773.05998422157
2021-12-10,105.7760009765625,30.6773,27.1013,36451.815600794864,43742.17872095384
2021-12-13,116.08399963378906,30.4521,27.0241,39535.89555177356,47443.07466212827
2021-12-14,128.30099487304688,30.3272,26.8846,43328.71820254553,51994.46184305464
2021-12-15,132.28399658203125,30.534,26.9985,44921.988284961546,53906.38594195386
2021-12-16,142.76499938964844,30.6186,27.196,48472.99754507943,58167.59705409531
2021-12-17,136.91299438476562,30.8435,27.1929,46900.93468387208,56281.121620646496
2021-12-20,146.92599487304688,30.8573,27.2483,50220.49722278804,60264.59666734565
2021-12-21,180.2669982910156,30.7661,27.2846,61022.94536509398,73227.53443811278
2021-12-22,172.875,30.7859,27.2598,58632.64180918751,70359.170171025
2021-12-23,132.57899475097656,30.8084,27.2508,45422.77017963291,54507.32421555949
2021-12-27,106.89299774169922,30.845,27.2747,37019.039328033454,44422.84719364014
2021-12-28,106.58999633789062,30.8196,27.2306,36888.72831736884,44266.47398084261
2021-12-29,96.47599792480467,30.8401,27.2235,33583.39156818821,40300.06988182585
2021-12-30,87.0270004272461,30.776,27.2077,30409.537837214782,36491.445404657745
2021-12-31,70.34300231933594,30.9226,27.2782,25046.643849074902,30055.97261888989
2022-01-03,80.43399810791016,30.9226,27.2782,28377.6689955935,34053.2027947122
2022-01-04,88.740997314453125,30.9226,27.2782,31119.799091459325,37343.75890975119
2022-01-05,91.522003173828125,30.7739,27.2976,31884.71446830367,38261.6573619644
2022-01-06,96.5019989013672,31.0421,27.4551,33812.31979377619,40574.783752531424
2022-01-07,88.17400360107422,31.0421,27.4551,31052.635202198875,37263.162242638646
2022-01-10,84.60700225830078,31.1095,27.4977,29935.368876605444,35922.44265192653
2022-01-11,78.73600006103516,31.116,27.4998,27991.46856857364,33589.762282288364
2022-01-12,75.15299987792969,31.1722,27.5093,26849.475292584488,32219.370351101385
2022-01-13,85.45999908447266,31.4796,27.7073,30577.387321391863,36692.86478567024
2022-01-14,86.970001220703125,31.7813,27.7372,31381.21146581731,37657.453758980766
2022-01-18,78.33399963378906,32.0577,28.122,28699.680848641772,34439.617018370125
2022-01-19,75.60199737548828,32.3406,28.4101,28010.01967898433,33612.023614781196
2022-01-20,75.2030029296875,32.1943,28.4038,27746.974579315367,33296.36949517844
2022-01-21,78.9800033569336,32.1147,28.3236,28973.15418138882,34767.78501766658
2022-01-24,93,32.1099,28.3181,33774.494425250006,40529.39331030001
2022-01-25,93.582000732421875,32.0594,28.3749,33921.210846199734,40705.45301543968
2022-01-26,91.83699798583984,32.3021,28.6658,33576.7759159149,40292.131099097875
2022-01-27,92.3010025024414,32.4803,28.7984,33922.72607411701,40707.271288940414
2022-01-28,92.06199645996094,32.3432,28.9879,33699.024569423156,40438.82948330779
2022-01-31,84.6719970703125,32.0293,28.7839,30845.72969703241,37014.87563643889
2022-02-01,76.16699981689453,31.7464,28.4555,27690.522572636877,33228.62708716425
2022-02-02,77.35099792480469,31.8875,28.318,28214.924384542963,33857.909261451554
2022-02-03,80.2229995727539,32.1419,28.3876,29424.44195140305,35309.33034168366
2022-02-04,82.6520004272461,31.9198,28.2701,30049.294220811484,36059.153064973776
2022-02-07,79.595001220703125,32.2745,28.1468,29327.157318631704,35192.58878235804
2022-02-08,77.30000305175781,32.0724,27.9998,28357.956955339087,34029.548346406904
2022-02-09,74.41699981689453,31.9255,27.9619,27246.111949959293,32695.33433995115
2022-02-10,74.352996826171875,31.996,27.9795,27284.133066605835,32740.959679927
2022-02-11,77.4260025024414,31.8785,27.8756,28229.68220826329,33875.618649915945
2022-02-14,80.77100372314453,31.9777,28.0346,29459.85012646237,35351.820151754844
2022-02-15,70.91899871826172,32.3264,28.5355,26382.581361522218,31659.097633826656
2022-02-16,69.79499816894531,32.0283,28.2424,25754.801216446052,30905.761459735266
2022-02-17,74.91400146484375,31.932,28.0943,27421.891797477296,32906.27015697275
2022-02-18,73.76200103759766,32.1969,28.3,27253.255745139293,32703.90689416715
2022-02-22,79.78900146484375,32.2887,28.4846,29409.028673807585,35290.8344085691
2022-02-23,88.89099884033203,32.9039,28.9877,33166.17502647514,39799.41003177017
2022-02-24,134.3159942626953,33.1707,29.2549,49520.17386049635,59424.20863259561
2022-02-25,94.4219970703125,33.1707,29.2549,35393.820260250795,42472.584312300954
2022-02-28,98.595001220703125,33.1707,29.2549,36871.46943938508,44245.763327262095
2022-03-01,121.67400360107422,33.1707,29.2549,45043.68008034538,54052.416096414454
2022-03-02,165.54299926757812,33.1707,29.2549,60577.56959971895,72693.08351966273
2022-03-03,160.822998046875,33.1707,29.2549,58906.23027727136,70687.47633272562
2022-03-04,192.5500030517578,33.1707,29.2549,70140.67462774397,84168.80955329275
2022-03-07,227.2010040283203,33.1707,29.2549,82410.49783038953,98892.59739646743
2022-03-08,214.5540008544922,33.1707,29.2549,77932.2291335883,93518.67496030596
2022-03-09,155.8800048828125,33.1707,29.2549,57155.93012704034,68587.1161524484
2022-03-10,126.39900207519533,33.1707,29.2549,46716.78891634839,56060.14669961807
2022-03-11,131.22900390625,33.1707,29.2549,48427.079149394776,58112.49497927373
2022-03-14,114.52200317382812,33.1707,29.2549,42511.17659373872,51013.41191248647
2022-03-15,115.43900299072266,33.1707,29.2549,42835.88368193408,51403.06041832089
2022-03-16,102.6230010986328,33.1707,29.2549,38297.77300839033,45957.327610068394
2022-03-17,105.08799743652344,33.1707,29.2549,39170.62136511007,47004.74563813208
2022-03-18,105.04399871826172,33.1707,29.2549,39155.041541180035,46986.04984941604
2022-03-21,96.302001953125,33.1707,29.2549,36059.52476754114,43271.42972104936
2022-03-22,98.74700164794922,33.1707,29.2549,36925.29236849175,44310.3508421901
2022-03-23,117.0009994506836,32.2345,29.2549,42169.71223151592,50603.654677819104
2022-03-24,111.60800170898438,32.138,29.2549,40193.841703756654,48232.61004450799
2022-03-25,101.2689971923828,32.1233,29.2549,36630.13085967001,43956.15703160401
2022-03-28,102.54499816894533,32.193600000000004,29.2549,37148.39971357751,44578.07965629301
2022-03-29,108.38099670410156,32.0707,29.2549,39005.28690565612,46806.34428678734
2022-03-30,118.97000122070312,32.4217,29.2549,43094.98890531236,51713.98668637483
2022-03-31,125.90599822998048,32.5856,29.2549,45724.58628622645,54869.503543471736
2022-04-01,112.1500015258789,32.4773,29.2549,40804.107815389856,48964.92937846782
2022-04-04,109.52300262451172,32.3281,29.2549,39710.93803347797,47653.125640173566
2022-04-05,108.56400299072266,32.176,29.2549,39195.59471269984,47034.7136552398
2022-04-06,106.79100036621094,32.0795,29.2549,38471.44579719595,46165.73495663514
2022-04-07,104.56400299072266,31.9361,29.2549,37541.09349661079,45049.312195932944
2022-04-08,103.88200378417967,31.9244,29.2549,37294.98869141184,44753.9864296942
2022-04-11,100.13700103759766,31.7796,29.2549,35856.20361476214,43027.444337714565
2022-04-12,102.21900177001952,31.8952,29.2549,36694.82806084848,44033.793673018175
2022-04-13,105.3239974975586,31.7752,29.2549,37610.69587766123,45132.83505319348
2022-04-14,95.62000274658205,31.6874,29.2549,34224.79072821706,41069.74887386047
2022-04-18,95.62000274658205,31.8235,29.2549,34370.97826005748,41245.17391206898
2022-04-19,93.76799774169922,31.6216,29.2549,33528.94984537669,40234.73981445202
2022-04-20,94.2310028076172,31.5792,29.2549,33640.32816748011,40368.39380097613
2022-04-21,100.06099700927734,31.6787,29.2549,35717.25747084945,42860.70896501934
2022-04-22,94.875,31.8264,29.2549,34120.980889750004,40945.1770677
2022-04-25,92.83699798583984,31.6567,29.2549,33251.33981717675,39901.607780612096
2022-04-26,103.20800018310548,31.4476,29.2549,36514.531594759086,43817.4379137109
2022-04-27,107.427001953125,31.2223,29.2549,37660.46804164027,45192.56164996832
2022-04-28,100.14199829101562,30.9663,29.2549,34945.05845567415,41934.07014680898
2022-04-29,99.4499969482422,30.6869,29.2549,34404.77481842207,41285.72978210648
2022-05-02,97.0510025024414,30.8478,29.2549,33794.18940981962,40553.02729178355
2022-05-03,99.4260025024414,30.7659,29.2549,34484.97971266178,41381.97565519413
2022-05-04,103.8209991455078,30.8288,29.2549,36001.479479278816,43201.77537513458
2022-05-05,106.50800323486328,30.801,29.2549,36852.67397377523,44223.20876853028
2022-05-06,101.70800018310548,30.8595,29.2549,35341.06754261955,42409.28105114346
2022-05-09,93.78700256347656,30.9063,29.2549,32781.04461322187,39337.25353586624
2022-05-10,98.8010025024414,30.861,29.2549,34385.09147283224,41262.10976739869
2022-05-11,94.01200103759766,30.8727,29.2549,32819.76355457699,39383.71626549238
2022-05-12,106.70099639892578,30.8537,29.2549,36978.97016518601,44374.76419822321
2022-05-13,96.88099670410156,30.4178,29.2549,33270.547210253775,39924.656652304526
2022-05-16,92.86000061035156,30.3768,29.2549,31922.05863257013,38306.47035908415
2022-05-17,94.1750030517578,30.4792,29.2549,32456.887730686587,38948.265276823906
2022-05-18,94.53800201416016,30.842,29.2549,32960.49478768876,39552.59374522651
2022-05-19,91.02400207519533,30.7454,29.2549,31704.53081482393,38045.43697778872
2022-05-20,87.9020004272461,30.7688,29.2549,30703.074022461948,36843.688826954334
2022-05-23,83.28800201416016,30.918,29.2549,29328.191406222857,35193.82968746743
2022-05-24,84.50700378417969,31.1784,29.2549,29979.33139767633,35975.197677211596
2022-05-25,88.0780029296875,31.3437,29.2549,31332.108321810854,37598.529986173024
2022-05-26,85.97100067138672,31.1813,29.2549,30469.40886728054,36563.290640736646
2022-05-27,86.875,31.3159,29.2549,30902.325478187504,37082.790573825005
2022-05-31,94.003997802734375,31.5031,29.2549,33483.375343189255,40180.050411827106
2022-06-01,85.5510025024414,31.3364,29.2549,30479.53273392687,36575.43928071224
2022-06-02,83.94499969482422,31.3247,29.2549,29931.189978214417,35917.427973857295
2022-06-03,83.10099792480469,31.2808,29.2549,29607.67624583551,35529.211495002615
2022-06-06,82.55799865722656,31.3876,29.2549,29526.1805498768,35431.41665985216
2022-06-07,79.608001708984375,31.389,29.2549,28539.011280492345,34246.81353659081
2022-06-08,79.40699768066406,31.1901,29.2549,28292.44154723959,33950.92985668751
2022-06-09,84.87999725341797,31.411,29.2549,30326.647080286923,36391.97649634431
2022-06-10,82.46399688720703,31.3934,29.2549,29500.099402956675,35400.11928354801
2022-06-13,83.4020004272461,30.9327,29.2549,29379.68880547447,35255.626566569365
2022-06-14,97.04000091552734,30.5626,29.2549,33479.90478114608,40175.88573737529
2022-06-15,120.33200073242188,30.567,29.2549,41084.94061094125,49301.9287331295
2022-06-16,124.36399841308594,30.5962,29.2549,42440.916493280965,50929.09979193716
2022-06-17,117.73799896240234,30.3885,29.2549,40004.63504193119,48005.56205031743
2022-06-21,125.55999755859376,30.7952,29.2549,43108.898945265144,51730.67873431817
2022-06-22,127.1709976196289,30.861,29.2549,43731.33599898276,52477.60319877931
2022-06-23,133.3470001220703,30.7542,29.2549,45608.237488820814,54729.88498658498
2022-06-24,128.5050048828125,30.7337,29.2549,43989.3892967016,52787.26715604192
2022-06-27,129.45899963378906,30.7674,29.2549,44350.74932767595,53220.89919321114
2022-06-28,129.17599487304688,30.9122,29.2549,44465.199881778346,53358.23985813402
2022-06-29,139.58799743652344,30.9151,29.2549,47905.509107444814,57486.61092893378
2022-06-30,144.51400756835938,30.7776,29.2549,49311.726001161136,59174.07120139336
2022-07-01,147.78399658203125,30.4017,29.2549,49773.00246062876,59727.60295275451
2022-07-05,165.072998046875,30.5816,29.2549,55710.556680975584,66852.6680171707
2022-07-06,170.99899291992188,30.1135,29.2549,56765.68730466417,68118.824765597
2022-07-07,183.18299865722656,29.8122,29.2549,60077.10987292376,72092.53184750851
2022-07-08,175.21200561523438,29.8107,29.2549,57537.493674351674,69044.992409222
2022-07-11,164.52000427246094,29.701,29.2549,53936.470422868675,64723.76450744241
2022-07-12,172.60899353027344,29.5109,29.2549,56140.72555581693,67368.8706669803
2022-07-13,180.5050048828125,29.3675,29.2549,58344.22685706476,70013.0722284777
2022-07-14,175.0330047607422,29.4494,29.2549,56786.165126280684,68143.39815153682
2022-07-15,159.56700134277344,29.2754,29.2549,51618.4063873517,61942.08766482204
2022-07-18,157.25799560546875,29.4173,29.2549,51142.59327403178,61371.11192883813
2022-07-19,154.45700073242188,29.6645,29.2549,50683.78245832247,60820.53894998696
2022-07-20,155.03799438476562,29.998,29.2549,51437.51813279108,61725.0217593493
2022-07-21,155.60000610351562,29.8064,36.568600000000004,51336.20202553687,61603.44243064424
2022-07-22,159.86399841308594,37.2689,36.568600000000004,65826.36000863339,78991.63201036006
2022-07-25,176.61599731445312,37.2177,36.568600000000004,72391.80347369506,86870.16416843407
2022-07-26,199.91799926757812,37.4115,36.568600000000004,82073.60175496932,98488.32210596318
2022-07-27,205.2250061035156,37.0568,36.568600000000004,83397.0485074369,100076.45820892428
2022-07-28,198.92999267578125,37.1244,36.568600000000004,81054.02066099037,97264.82479318844
2022-07-29,190.9149932861328,36.9965,36.568600000000004,77610.16349075365,93132.19618890436
2022-08-01,200.79400634765625,37.3365,36.568600000000004,82258.6869161422,98710.42429937064
2022-08-02,205.1739959716797,37.4133,36.568600000000004,84176.71589172633,101012.0590700716
2022-08-03,199.19500732421875,37.3804,36.568600000000004,81717.07086927528,98060.48504313032
2022-08-04,199.2480010986328,37.2488,36.568600000000004,81451.28356147042,97741.5402737645
2022-08-05,196.32000732421875,37.2104,36.568600000000004,80204.49754723365,96245.39705668038
2022-08-08,193.05499267578125,37.417,36.568600000000004,79344.36647213815,95213.23976656578
2022-08-09,192.1840057373047,37.2963,36.568600000000004,78742.40506069905,94490.88607283884
2022-08-10,205.36700439453125,37.3804,36.568600000000004,84179.91847266519,101015.90216719822
2022-08-11,208.11000061035156,37.5102,36.568600000000004,85569.76049324783,102683.7125918974
2022-08-12,206.1080017089844,37.7516,36.568600000000004,85312.13102985788,102374.55723582944
2022-08-15,220.11000061035156,37.5943,36.568600000000004,90576.91355572078,108692.29626686493
2022-08-16,225.91400146484375,37.2817,36.568600000000004,92135.60908229668,110562.730898756
2022-08-17,225.8350067138672,37.033,36.568600000000004,91491.33307029984,109789.5996843598
2022-08-18,241.0039978027344,37.1738,36.568600000000004,97857.8028308184,117429.36339698208
2022-08-19,244.5500030517578,37.2177,36.568600000000004,99381.91245258518,119258.2949431022
2022-08-22,276.74798583984375,36.7441,36.568600000000004,110749.70946886406,132899.65136263688
2022-08-23,269.04901123046875,36.568600000000004,36.568600000000004,107216.41796598092,128659.70155917708
2022-08-24,292.1499938964844,36.298,36.568600000000004,115375.98024900277,138451.1762988033
2022-08-25,321.41400146484375,36.3053,36.568600000000004,126740.66818229853,152088.80181875822
2022-08-26,339.1960144042969,36.4808,36.568600000000004,134277.08703884194,161132.5044466103
2022-08-29,272.6029968261719,36.5467,36.568600000000004,108538.88790734284,130246.66548881138
2022-08-30,252.93699645996097,36.554,36.568600000000004,100886.5731312774,121063.88775753288
2022-08-31,239.9069976806641,36.6564,36.568600000000004,96069.79857641744,115283.75829170094
2022-09-01,243.0039978027344,36.5704,36.568600000000004,97053.99654979164,116464.79585974995
2022-09-02,214.6649932861328,36.5832,36.568600000000004,86020.77537346259,103224.93044815512
2022-09-06,239.8419952392578,36.2614,36.568600000000004,95011.9557833522,114014.34694002265
2022-09-07,213.88299560546875,36.287,36.568600000000004,85023.29140839302,102027.94969007162
2022-09-08,220.54100036621097,36.1371,36.568600000000004,87241.45417176333,104689.745006116
2022-09-09,207.09100341796875,36.6491,36.568600000000004,83212.14029067649,99854.56834881178
2022-09-12,190.58799743652344,36.7112,36.568600000000004,76885.3421181739,92262.41054180868
2022-09-13,198.61199951171875,37.097,36.568600000000004,80868.44353383553,97042.13224060264
2022-09-14,217.8820037841797,37.2159,36.568600000000004,88782.4617339429,106538.95408073148
2022-09-15,214.2830047607422,36.543,36.568600000000004,85777.497040224,102932.9964482688
2022-09-16,187.79299926757812,36.5137,36.568600000000004,75383.53663778138,90460.24396533764
2022-09-19,182.26199340820312,36.4607,36.568600000000004,73121.69229214921,87746.03075057904
2022-09-20,194.25900268554688,36.5064,36.568600000000004,77888.35192545326,93466.0223105439
2022-09-21,189.781005859375,36.5247,36.568600000000004,76181.3014567997,91417.56174815964
2022-09-22,187.4680023193359,36.2084,36.568600000000004,74629.58997354055,89555.50796824867
2022-09-23,185.4949951171875,36.0768,36.568600000000004,73599.36093183204,88319.23311819845
2022-09-26,173.83399963378906,35.6654,36.568600000000004,68323.0958350032,81987.71500200384
2022-09-27,186.0989990234375,35.2375,36.568600000000004,72119.81808259344,86543.78169911212
2022-09-28,207.18699645996097,35.2576,36.568600000000004,80097.81422167823,96117.37706601388
2022-09-29,187.6649932861328,34.9742,36.568600000000004,72167.35417890549,86600.82501468658
2022-09-30,188.8000030517578,35.5611,36.568600000000004,73805.29714649229,88566.35657579075
2022-10-03,169.91200256347656,35.6361,36.568600000000004,66775.17262684589,80130.20715221507
2022-10-04,161.9499969482422,35.7074,36.568600000000004,63873.37356849166,76648.04828219
2022-10-05,173.6929931640625,36.1682,36.568600000000004,69228.52568793006,83074.23082551606
2022-10-06,175.71200561523438,36.2157,36.568600000000004,70099.6896617842,84119.62759414104
2022-10-07,156.20700073242188,36.0768,36.568600000000004,62319.9732204502,74783.96786454023
2022-10-10,154.1179962158203,35.797,36.568600000000004,61040.19216149016,73248.23059378819
2022-10-11,156.781005859375,35.4587,36.568600000000004,61473.56771907264,73768.28126288716
2022-10-12,160.19000244140625,35.5465,36.568600000000004,62918.77344403831,75502.52813284597
2022-10-13,153.8090057373047,35.5026,36.568600000000004,60423.024472177574,72507.62936661308
2022-10-14,141.9969940185547,35.6306,36.568600000000004,56147.24383145247,67376.69259774296
2022-10-17,127.97799682617188,35.5337,36.568600000000004,50677.47151565139,60812.96581878167
2022-10-18,113.22200012207033,35.6196,36.568600000000004,45188.60118697592,54226.321424371105
2022-10-19,112.51000213623048,35.9451,36.568600000000004,45326.185094376415,54391.4221132517
2022-10-20,127.14700317382812,35.7623,36.568600000000004,50684.73612836624,60821.68335403949
2022-10-21,113.57599639892578,35.8866,36.568600000000004,45661.17272804644,54793.40727365573
2022-10-24,99.16999816894533,35.6379,36.568600000000004,39865.828653928475,47838.99438471417
2022-10-25,99.79399871826172,35.9579,36.568600000000004,40461.19634200902,48553.43561041082
2022-10-26,104.31999969482422,36.0804,36.568600000000004,42341.46085035902,50809.75302043082
2022-10-27,107.38400268554688,36.6417,36.568600000000004,44194.97811859206,53033.97374231047
2022-10-28,112.24400329589844,36.7386,36.568600000000004,46217.24615052046,55460.69538062455
2022-10-31,123.35199737548828,36.4095,36.568600000000004,50122.71100862733,60147.253210352785
2022-11-01,116.19300079345705,36.2377,36.568600000000004,47117.94997330639,56541.53996796767
2022-11-02,125.86299896240234,36.3474,36.568600000000004,51011.9141700883,61214.29700410595
2022-11-03,125.44499969482422,36.2194,36.568600000000004,50671.4868557812,60805.78422693744
2022-11-04,114.78600311279295,35.6288,36.568600000000004,45795.06066325171,54954.07279590205
2022-11-07,109.68299865722656,35.9817,36.568600000000004,44286.23166497698,53143.477997972375
2022-11-08,118.14700317382812,36.5083,36.568600000000004,48229.560472991165,57875.47256758939
2022-11-09,113.1439971923828,36.5375,36.568600000000004,46316.585116423135,55579.90213970776
2022-11-10,113.4520034790039,36.7496,36.568600000000004,46704.91439128012,56045.897269536144
2022-11-11,97.852996826171875,36.3821,36.568600000000004,40181.89446047957,48218.27335257548
2022-11-14,113.7040023803711,37.7022,36.568600000000004,48010.875652970295,57613.05078356435
2022-11-15,124.10399627685548,37.7626,36.568600000000004,52279.813824161785,62735.77658899414
2022-11-16,113.9000015258789,38.0588,36.568600000000004,48542.37685243056,58250.85222291666
2022-11-17,112.55599975585938,38.0935,36.568600000000004,48039.88430527067,57647.86116632481
2022-11-18,115.50900268554688,37.7681,36.568600000000004,48822.11187820143,58586.53425384172
2022-11-21,116.12799835205078,37.8906,36.568600000000004,49230.07269577395,59076.08723492874
2022-11-22,119.63899993896484,37.4481,36.568600000000004,50061.454497833176,60073.745397399805
2022-11-23,129.6199951171875,37.5541,36.568600000000004,54203.771089879214,65044.52530785505
2022-11-25,124.37000274658205,38.0716,36.568600000000004,52813.78187985029,63376.53825582035
2022-11-28,123.28199768066406,37.96,36.568600000000004,52218.774837651734,62662.52980518208
2022-11-29,132.28599548339844,38.302,36.568600000000004,56368.612415879725,67642.33489905567
2022-11-30,146.39700317382812,37.9344,36.568600000000004,61544.132935580805,73852.95952269697
2022-12-01,139.25799560546875,37.9198,36.568600000000004,58630.71048979072,70356.85258774886
2022-12-02,135.56199645996094,38.205,36.568600000000004,57562.53511448622,69075.04213738347
2022-12-05,134.69900512695312,38.5396,36.568600000000004,57709.558721550966,69251.47046586116
2022-12-06,138.48800659179688,38.7353,36.568600000000004,59568.153121523574,71481.78374582829
2022-12-07,149.2449951171875,38.4866,36.568600000000004,63606.65984689856,76327.99181627827
2022-12-08,138.89300537109375,38.5232,36.568600000000004,59409.8219781626,71291.78637379513
2022-12-09,139.11300659179688,38.4629,36.568600000000004,59407.52831273298,71289.03397527957
2022-12-12,136.58999633789062,38.6,36.568600000000004,58578.82483250953,70294.58979901143
2022-12-13,137.5290069580078,38.6,36.568600000000004,58965.748853581914,70758.8986242983
2022-12-14,131.51100158691406,38.578,36.568600000000004,56453.94004167319,67744.72805000782
2022-12-15,134.76699829101562,38.9273,36.568600000000004,58315.98513122587,69979.18215747105
2022-12-16,115.45099639892578,38.8541,36.568600000000004,50195.119648283886,60234.14357794066
2022-12-19,108.54299926757812,38.8377,36.568600000000004,47310.02885433592,56772.0346252031
2022-12-20,105.68800354003906,38.7865,36.568600000000004,46065.87155283861,55279.04586340633
2022-12-21,97.7519989013672,38.8121,36.568600000000004,42808.08153527537,51369.697842330446
2022-12-22,91.93800354003906,38.8706,36.568600000000004,40459.76838880675,48551.722066568094
2022-12-23,82.97699737548828,38.8962,36.568600000000004,36765.49809225329,44118.59771070395
2022-12-27,80.042999267578125,38.8432,36.568600000000004,35499.137187680426,42598.96462521651
2022-12-28,81.35099792480469,38.8852,36.568600000000004,36080.21581809744,43296.25898171693
2022-12-29,83.83000183105469,38.9437,36.568600000000004,37164.722350638374,44597.66682076605
2022-12-30,76.31500244140625,38.951,36.568600000000004,34046.89343801642,40856.272125619704
2023-01-03,72.31400299072266,39.0041,36.568600000000004,32427.09502723851,38912.51403268621
2023-01-04,65.022003173828125,38.5378,36.568600000000004,29042.38184951437,34850.85821941724
2023-01-05,72.4219970703125,38.7901,36.568600000000004,32295.193707847357,38754.23244941683
2023-01-06,69.53399658203125,38.7773,36.568600000000004,31089.13367142477,37306.96040570973
2023-01-09,74.302001953125,38.3733,36.568600000000004,32720.832677273316,39264.99921272798
2023-01-10,70.07099914550781,39.0827,36.568600000000004,31556.16697789668,37867.40037347601
2023-01-11,65.34600067138672,39.1961,36.568600000000004,29670.017652575538,35604.02118309064
2023-01-12,66.80899810791016,39.2728,36.568600000000004,30340.957884525666,36409.1494614308
2023-01-13,64.81199645996094,39.357,36.568600000000004,29566.490090902236,35479.788109082685
2023-01-17,60.06100082397461,39.5581,36.568600000000004,27710.09512271774,33252.11414726129
2023-01-18,61.70899963378906,39.6897,36.568600000000004,28499.731342518488,34199.67761102218
2023-01-19,60.71699905395508,39.5873,36.568600000000004,28007.596483724188,33609.11578046902
2023-01-20,66.89800262451172,39.5215,36.568600000000004,30569.151913485533,36682.98229618264
2023-01-23,65.9990005493164,39.5581,36.568600000000004,30217.60978324933,36261.1317398992
2023-01-24,58.26900100708008,39.7519,36.568600000000004,27084.256428598474,32501.10771431817
2023-01-25,56.65999984741211,39.7226,36.568600000000004,26382.188460096822,31658.626152116187
2023-01-26,54.814998626708984,39.7629,36.568600000000004,25625.569001443095,30750.682801731713
2023-01-27,55.42499923706055,39.8433,36.568600000000004,25936.356288688577,31123.62754642629
2023-01-30,55.15599822998047,39.7482,36.568600000000004,25760.87291791941,30913.04750150329
2023-01-31,57.35200119018555,39.8762,36.568600000000004,26777.86117725632,32133.43341270758
2023-02-01,59.527000427246094,39.5947,36.568600000000004,27509.80700574307,33011.768406891686
2023-02-02,57.040000915527344,39.8323,36.568600000000004,26615.9754278912,31939.17051346944
2023-02-03,57.88899993896485,40.1724,36.568600000000004,27205.300894255663,32646.361073106797
2023-02-06,58.10900115966797,39.9859,36.568600000000004,27174.003377596175,32608.804053115407
2023-02-07,55.40299987792969,39.4045,36.568600000000004,25644.06023426447,30772.87228111737
2023-02-08,53.6870002746582,39.1485,36.568600000000004,24761.857114444974,29714.22853733397
2023-02-09,52.73400115966797,39.2564,36.568600000000004,24430.088926852863,29316.10671222343
2023-02-10,53.946998596191406,39.3826,36.568600000000004,25017.822655810876,30021.38718697305
2023-02-13,51.707000732421875,39.0644,36.568600000000004,23883.485333219058,28660.182399862864
2023-02-14,52.38600158691406,39.0973,36.568600000000004,24186.79155083529,29024.149861002345
2023-02-15,54.71599960327149,39.3405,36.568600000000004,25314.280381039956,30377.136457247947
2023-02-16,52.01100158691406,39.1229,36.568600000000004,24045.860138286465,28855.03216594376
2023-02-17,49.047000885009766,39.1046,36.568600000000004,22797.4256863749,27356.91082364988
2023-02-21,48.54199981689453,39.0242,36.568600000000004,22540.66373779131,27048.796485349576
2023-02-22,50.56800079345703,38.984,36.568600000000004,23360.81580730048,28032.978968760573
2023-02-23,50.779998779296875,38.9328,36.568600000000004,23418.55254336646,28102.26305203975
2023-02-24,51.01300048828125,38.8231,36.568600000000004,23449.79594956412,28139.755139476943
2023-02-27,47.29899978637695,38.6402,36.568600000000004,21808.466579748885,26170.15989569866
2023-02-28,46.665000915527344,38.611,36.568600000000004,21530.84760648012,25837.017127776144
2023-03-01,47.08399963378906,38.8231,36.568600000000004,21821.474223498783,26185.769068198544
2023-03-02,46.814998626708984,39.0754,36.568600000000004,21849.543828084265,26219.452593701117
2023-03-03,44.97999954223633,38.7847,36.568600000000004,20929.01179352363,25114.81415222836
2023-03-06,42.14899826049805,38.8048,36.568600000000004,19767.018395686555,23720.422074823862
2023-03-07,43.369998931884766,38.9126,36.568600000000004,20328.46972966347,24394.163675596163
2023-03-08,42.3390007019043,39.0132,36.568600000000004,19951.038897309212,23941.246676771058
2023-03-09,43.5989990234375,38.5671,36.568600000000004,20244.351101153017,24293.22132138362
2023-03-10,52.85699844360352,38.6201,36.568600000000004,24088.638616692595,28906.366340031112
2023-03-13,49.58399963378906,38.7426,36.568600000000004,22810.659626963487,27372.791552356182
2023-03-14,44.185001373291016,39.1046,36.568600000000004,20767.824806693803,24921.389768032564
2023-03-15,42.904998779296875,39.2728,36.568600000000004,20319.51357143591,24383.41628572309
2023-03-16,44.34099960327149,38.6183,36.568600000000004,20576.803370651032,24692.16404478124
2023-03-17,42.85699844360352,38.717,36.568600000000004,20015.44657981015,24018.535895772176
2023-03-20,39.32500076293945,38.8523,36.568600000000004,18619.67771624034,22343.613259488407
2023-03-21,42.400001525878906,39.1485,36.568600000000004,20044.904786680418,24053.885744016497
2023-03-22,39.974998474121094,39.4228,36.568600000000004,19163.16483960158,22995.797807521896
2023-03-23,43.18600082397461,39.4264,36.568600000000004,20516.329686811816,24619.595624174177
2023-03-24,41.09400177001953,39.7665,36.568600000000004,19803.20316231137,23763.84379477364
2023-03-27,42.52799987792969,39.3076,36.568600000000004,20179.11780691825,24214.941368301897
2023-03-28,42.75199890136719,39.3899,36.568600000000004,20315.062368278985,24378.07484193478
2023-03-29,42.803001403808594,39.6111,36.568600000000004,20449.38597207585,24539.26316649102
2023-03-30,43.60900115966797,39.6989,36.568600000000004,20835.76126926827,25002.91352312192
2023-03-31,47.845001220703125,39.7812,36.568600000000004,22677.344871839046,27212.813846206856
2023-04-03,51.367000579833984,39.7373,36.568600000000004,24146.596891105568,28975.91626932668
2023-04-04,46.56800079345703,39.761,36.568600000000004,22123.928500681788,26548.714200818144
2023-04-05,44.57500076293945,39.8653,36.568600000000004,21333.1992082406,25599.83904988872
2023-04-06,43.125,40.0152,36.568600000000004,20793.142654,24951.7711848
2023-04-10,43.125,39.9146,36.568600000000004,20741.460975875,24889.753171049997
2023-04-11,43.69200134277344,39.825,36.568600000000004,20936.48071985579,25123.776863826948
2023-04-12,42.880001068115234,39.8835,36.568600000000004,20621.173982756856,24745.408779308225
2023-04-13,42.09299850463867,39.9421,36.568600000000004,20315.561894732473,24378.674273678967
2023-04-14,41.14899826049805,40.2639,36.568600000000004,20071.58899157476,24085.90678988971
2023-04-17,41.12699890136719,40.4174,36.568600000000004,20137.71756710356,24165.261080524273
2023-04-18,42.72200012207031,40.1432,36.568600000000004,20686.20365633063,24823.44438759675
2023-04-19,40.29800033569336,40.1066,36.568600000000004,19629.752120813067,23555.70254497568
2023-04-20,40.564998626708984,39.9677,36.568600000000004,19676.50237966575,23611.8028555989
2023-04-21,40.16400146484375,40.0664,36.568600000000004,19553.00066450659,23463.600797407908
2023-04-24,39.92499923706055,40.1505,36.568600000000004,19491.109507936624,23389.331409523948
2023-04-25,39.83300018310547,40.2291,36.568600000000004,19489.295460336347,23387.154552403616
2023-04-26,38.55099868774414,40.2858,36.568600000000004,18965.10572632817,22758.1268715938
2023-04-27,39.03900146484375,40.3918,36.568600000000004,19224.80409924994,23069.76491909993
2023-04-28,38.53799819946289,40.3461,36.568600000000004,18987.54037273336,22785.048447280027
2023-05-01,38.83399963378906,40.1322,36.568600000000004,19014.93680960112,22817.924171521343
2023-05-02,37.52899932861328,40.2693,36.568600000000004,18518.103015185283,22221.72361822234
2023-05-03,36.78200149536133,40.1066,36.568600000000004,18124.419567530946,21749.30348103713
2023-05-04,35.65299987792969,40.3699,36.568600000000004,17755.315628566463,21306.378754279755
2023-05-05,36.57400131225586,40.4942,36.568600000000004,18207.38462954617,21848.8615554554
2023-05-08,36.874000549316406,40.2602,36.568600000000004,18232.467815573906,21878.961378688688
2023-05-09,35.95000076293945,40.348,36.568600000000004,17873.73437510939,21448.481250131263
2023-05-10,34.99300003051758,40.0883,36.568600000000004,17350.66740634227,20820.800887610723
2023-05-11,34.99300003051758,40.0444,36.568600000000004,17331.92538675547,20798.31046410656
2023-05-12,32.766998291015625,39.9713,36.568600000000004,16350.89639207976,19621.07567049571
2023-05-15,32.31399917602539,39.8287,36.568600000000004,16100.803134634583,19320.963761561503
2023-05-16,31.820999145507812,39.7702,36.568600000000004,15868.199381313005,19041.839257575604
2023-05-17,31.95299911499023,39.8104,36.568600000000004,15940.097382452075,19128.11685894249
2023-05-18,29.78499984741211,39.5947,36.568600000000004,14938.653828667657,17926.38459440119
2023-05-19,30.176000595092773,39.5471,36.568600000000004,15086.045471707515,18103.254566049018
2023-05-22,29.711000442504883,39.5179,36.568600000000004,14878.91878032977,17854.702536395722
2023-05-23,29.12700080871582,39.5691,36.568600000000004,14651.20889619918,17581.450675439013
2023-05-24,27.78499984741211,39.3972,36.568600000000004,14024.18595867686,16829.02315041223
2023-05-25,25.45199966430664,39.41,36.568600000000004,13047.168441273216,15656.60212952786
2023-05-26,24.520000457763672,39.2436,36.568600000000004,12602.637776868844,15123.165332242614
2023-05-30,24.680999755859375,39.1759,36.568600000000004,12648.634092732224,15178.360911278667
2023-05-31,26.85199928283691,39.2802,36.568600000000004,13592.016122801948,16310.419347362336
2023-06-01,23.10300064086914,39.0553,36.568600000000004,11952.53060742067,14343.036728904804
2023-06-02,23.68899917602539,39.1522,36.568600000000004,12226.518494535032,14671.822193442038
2023-06-05,28.47800064086914,39.346,36.568600000000004,14297.340177576929,17156.80821309231
2023-06-06,24.86000061035156,39.0937,36.568600000000004,12697.291036565117,15236.74924387814
2023-06-07,26.33099937438965,39.0516,36.568600000000004,13297.095260428168,15956.514312513802
2023-06-08,26.94499969482422,39.1851,36.568600000000004,13598.582372007182,16318.298846408616
2023-06-09,32.04899978637695,39.2619,36.568600000000004,15763.96467280864,18916.757607370368
2023-06-12,31.035999298095703,39.4082,36.568600000000004,15395.674427481124,18474.809312977348
2023-06-13,36.05099868774414,39.357,36.568600000000004,17482.960249899104,20979.552299878924
2023-06-14,38.3120002746582,39.4721,36.568600000000004,18486.105485991266,22183.326583189515
2023-06-15,41.14500045776367,39.5069,36.568600000000004,19696.974072392994,23636.36888687159
2023-06-16,35.007999420166016,39.5691,36.568600000000004,17135.343547718043,20562.41225726165
2023-06-20,38.70800018310547,39.9384,36.568600000000004,18870.53346292563,22644.640155510755
2023-06-21,36.74300003051758,39.964,36.568600000000004,18044.178069619276,21653.01368354313
2023-06-22,34.09700012207031,39.9494,36.568600000000004,16909.259503523084,20291.1114042277
2023-06-23,32.50699996948242,40.1852,36.568600000000004,16325.599592478662,19590.719510974395
2023-06-26,31.975000381469727,39.7738,36.568600000000004,15935.001075591446,19122.001290709733
2023-06-27,34.50600051879883,39.9238,36.568600000000004,17072.88554949509,20487.46265939411
2023-06-28,34.125,40.0225,36.568600000000004,16951.7312274375,20342.077472925
2023-06-29,35.18000030517578,40.0042,36.568600000000004,17394.62049212374,20873.54459054849
2023-06-30,37.10300064086914,40.0006,36.568600000000004,18214.209834870227,21857.05180184427
2023-07-03,33.92900085449219,39.6952,36.568600000000004,16731.977409127867,20078.37289095344
2023-07-05,34.37300109863281,39.8543,36.568600000000004,16986.991661789958,20384.38999414795
2023-07-06,32.347999572753906,39.7848,36.568600000000004,16097.756643567413,19317.307972280894
2023-07-07,33.47800064086914,39.8433,36.568600000000004,16601.700223824097,19922.040268588917
2023-07-10,30.22699928283691,39.8214,36.568600000000004,15210.725373653671,18252.87044838441
2023-07-11,29.06100082397461,40.0627,36.568600000000004,14802.804037561164,17763.364845073396
2023-07-12,26.638999938964844,40.167,36.568600000000004,13802.215501604182,16562.658601925017
2023-07-13,26.60700035095215,40.2803,36.568600000000004,13826.722586824188,16592.067104189024
2023-07-14,25.957000732421875,40.8581,36.568600000000004,13738.171064100788,16485.805276920943
2023-07-17,25.10099983215332,41.0483,36.568600000000004,13425.934143803664,16111.120972564397
2023-07-18,27.069000244140625,41.0812,36.568600000000004,14299.556303455876,17159.46756414705
2023-07-19,26.96299934387207,41.1506,36.568600000000004,14276.750105039382,17132.10012604726
2023-07-20,28.01799964904785,41.0117,36.568600000000004,14691.235753508186,17629.482904209824
2023-07-21,28.163999557495117,40.9897,36.568600000000004,14747.365933165333,17696.8391197984
2023-07-24,30.55699920654297,40.6643,36.568600000000004,15670.946545759623,18805.135854911547
2023-07-25,32.64799880981445,40.5838,36.568600000000004,16546.279158993457,19855.534990792148
2023-07-26,29.274999618530273,40.4046,36.568600000000004,15019.42105083982,18023.305261007783
2023-07-27,28.43400001525879,40.4558,36.568600000000004,14674.955541699748,17609.946650039696
2023-07-28,25.840999603271484,40.7228,36.568600000000004,13643.031482525812,16371.637779030974
2023-07-31,28.36599922180176,40.2584,36.568600000000004,14575.277998782754,17490.333598539306
2023-08-01,27.12299919128418,40.3242,36.568600000000004,14063.651946084512,16876.382335301412
2023-08-02,28.742000579833984,40.134,36.568600000000004,14692.059383818536,17630.471260582242
2023-08-03,30.472999572753903,40.145,36.568600000000004,15437.837478279596,18525.40497393551
2023-08-04,28.85300064086914,39.9914,36.568600000000004,14688.08229042729,17625.698748512747
2023-08-07,30.48699951171875,40.0024,36.568600000000004,15389.816859931398,18467.780231917677
2023-08-08,31.06599998474121,40.1633,36.568600000000004,15699.0121279729,18838.81455356748
2023-08-09,39.823001861572266,40.0134,36.568600000000004,19381.792392692645,23258.150871231173
2023-08-10,37.055999755859375,40.1194,36.568600000000004,18247.47515426077,21896.970185112925
2023-08-11,35.29999923706055,40.284,36.568600000000004,17566.23607341185,21079.483288094216
2023-08-14,34.433998107910156,40.2145,36.568600000000004,17164.571559520155,20597.485871424185
2023-08-15,38.8129997253418,40.006,36.568600000000004,18946.915996853357,22736.299196224027
2023-08-16,37.78400039672851,39.9658,36.568600000000004,18489.107264118236,22186.92871694188
2023-08-17,36.82500076293945,39.911,36.568600000000004,18055.497329675298,21666.596795610356
2023-08-18,36.40999984741211,39.8415,36.568600000000004,17847.96362422815,21417.556349073777
2023-08-21,40.78200149536133,39.7245,36.568600000000004,19650.230380446486,23580.276456535783
2023-08-22,42.90800094604492,39.889,36.568600000000004,20635.907907440193,24763.08948892823
2023-08-23,36.7859992980957,39.8086,36.568600000000004,17993.20364695099,21591.84437634119
2023-08-24,31.937999725341797,39.5343,36.568600000000004,15824.853141631367,18989.82376995764
2023-08-25,34.777000427246094,39.655,36.568600000000004,17074.24435348559,20489.093224182707
2023-08-28,38.41400146484375,39.5051,36.568600000000004,18544.378850944428,22253.254621133314
2023-08-29,35.19499969482422,39.516,36.568600000000004,17191.54825626669,20629.85790752003
2023-08-30,35.992000579833984,39.516,36.568600000000004,17527.74976969328,21033.299723631935
2023-08-31,35.02899932861328,39.7903,36.568600000000004,17238.734788443304,20686.481746131965
2023-09-01,35.617000579833984,39.7391,36.568600000000004,17466.29542614671,20959.55451137605
2023-09-05,34.44900131225586,39.4977,36.568600000000004,16869.154835724366,20242.98580286924
2023-09-06,31.075000762939453,39.2527,36.568600000000004,15352.198514126352,18422.638216951626
2023-09-07,32.755001068115234,39.2856,36.568600000000004,16069.416403339526,19283.29968400743
2023-09-08,34.507999420166016,39.1467,36.568600000000004,16745.997166122583,20095.1965993471
2023-09-11,35.847999572753906,39.1247,36.568600000000004,17296.37804733803,20755.653656805633
2023-09-12,34.70100021362305,39.1979,36.568600000000004,16848.34944372041,20218.01933246449
2023-09-13,36.81700134277344,39.1906,36.568600000000004,17730.505146397234,21276.60617567668
2023-09-14,35.520999908447266,39.2674,36.568600000000004,17221.531170017974,20665.837404021568
2023-09-15,36.483001708984375,39.2381,36.568600000000004,17611.80764938918,21134.169179267017
2023-09-18,34.474998474121094,38.9602,36.568600000000004,16653.616086011756,19984.339303214107
2023-09-19,36.78200149536133,38.9931,36.568600000000004,17627.77310628116,21153.327727537395
2023-09-20,37.28400039672851,39.154,36.568600000000004,17909.358139120202,21491.22976694424
2023-09-21,39.10499954223633,39.1394,36.568600000000004,18663.605255215345,22396.326306258412
2023-09-22,39.79100036621094,38.8944,36.568600000000004,18833.080120069942,22599.696144083933
2023-09-25,44.44200134277344,38.898,36.568600000000004,20766.065177368077,24919.27821284169
2023-09-26,40.321998596191406,38.8724,36.568600000000004,19042.905503111557,22851.48660373387
2023-09-27,39.29600143432617,38.7609,36.568600000000004,18564.43090680488,22277.317088165855
2023-09-28,39.73600006103515,38.5506,36.568600000000004,18646.060090697654,22375.272108837184
2023-09-29,41.85900115966797,38.5543,36.568600000000004,19521.584567778744,23425.90148133449
2023-10-02,39.334999084472656,38.7408,36.568600000000004,18571.054216276305,22285.265059531564
2023-10-03,36.98699951171875,38.5177,36.568600000000004,17500.02419191275,21000.0290302953
2023-10-04,38.44100189208984,38.3263,36.5901,18009.256016219373,21611.107219463247
2023-10-05,36.207000732421875,38.4288,36.6023,17140.41876128955,20568.50251354746
2023-10-06,38.23099899291992,38.5406,36.6216,18022.4376037212,21626.92512446544
2023-10-09,43.952999114990234,38.6533,36.5827,20435.23107713125,24522.2772925575
2023-10-10,49.45500183105469,38.4827,36.5527,22606.124748189937,27127.349697827925
2023-10-11,46.06800079345703,38.6049,36.5058,21281.04998089944,25537.259977079328
2023-10-12,53.00199890136719,38.6394,36.4385,24159.52842928078,28991.434115136937
2023-10-13,53.98199844360352,38.6422,36.3931,24565.22435199792,29478.269222397503
2023-10-16,48.46699905395508,38.2782,36.3688,22082.34334002233,26498.81200802679
2023-10-17,48.895999908447266,38.2806,36.3297,22258.770099717396,26710.524119660873
2023-10-18,50.83300018310547,38.5503,36.4507,23211.84297353488,27854.211568241855
2023-10-19,50.172000885009766,38.609,36.5616,22975.113198657727,27570.135838389273
2023-10-20,51.11199951171875,38.6511,36.6118,23388.07627319492,28065.6915278339
2023-10-23,51.2760009765625,38.7033,36.5401,23486.639671514346,28183.967605817215
2023-10-24,49.26399993896485,38.7613,36.5569,22689.071852655063,27226.88622318608
2023-10-25,49.92399978637695,38.9091,36.579,23048.96429344068,27658.757152128816
2023-10-26,50.80899810791016,38.6171,36.5312,23242.281797392036,27890.73815687044
2023-10-27,50.53200149536133,38.4687,36.5082,23039.97285624517,27647.967427494204
2023-10-30,50.547000885009766,38.3774,36.4216,22991.435985084692,27589.72318210163
2023-10-31,48.00600051879883,38.5624,36.3659,22054.762965035417,26465.715558042495
2023-11-01,47.75699996948242,38.5451,36.2812,21941.971429915466,26330.36571589856
2023-11-02,48.56399917602539,38.2311,36.2655,22094.38138874196,26513.25766649035
2023-11-03,48.05699920654297,38.6703,36.2659,22136.224285499113,26563.469142598933
2023-11-06,44.832000732421875,38.7278,36.1705,20834.899267527315,25001.879121032776
2023-11-07,46.05699920654297,38.7206,36.0426,21336.587720615564,25603.90526473867
2023-11-08,45.777000427246094,38.484,36.0371,21092.569139169835,25311.0829670038
2023-11-09,48.12900161743164,38.4518,36.0407,22040.57143814696,26448.685725776355
2023-11-10,46.63199996948242,38.5225,36.036,21465.03023845033,25758.036286140396
2023-11-13,47.87300109863281,38.542,36.0779,21986.640798816927,26383.96895858031
2023-11-14,47.608001708984375,38.5945,36.1609,21907.62960414522,26289.155524974263
2023-11-15,47.0369987487793,38.9392,36.3171,21864.865498167637,26237.838597801165
2023-11-16,45.8489990234375,39.3939,36.2643,21617.51898031879,25941.022776382542
2023-11-17,45.06399917602539,39.3054,36.2496,21240.010897552496,25488.013077062995
2023-11-20,45.82099914550781,39.2582,36.1394,21531.31910538332,25837.58292645998
2023-11-21,44.064998626708984,39.3986,36.0496,20868.36986499619,25042.04383799543
2023-11-22,44.61600112915039,39.466,36.0453,21135.78124676055,25362.937496112663
2023-11-23,46.58000183105469,39.3352,36.0675,21891.33646341583,26269.603756098997
2023-11-24,46.65700149536133,39.27,36.0143,21887.371810866312,26264.846173039576
2023-11-27,43.98400115966797,39.358,36.0487,20813.068227580618,24975.681873096735
2023-11-28,42.77399826049805,39.6579,36.2173,20458.722685190183,24550.46722222822
2023-11-29,40.36000061035156,39.8172,36.3644,19514.846500029085,23417.815800034903
2023-11-30,42.09099960327149,39.9582,36.3752,20321.555098208948,24385.866117850735
2023-12-01,43.49599838256836,39.7235,36.3535,20799.21966068076,24959.06359281691
2023-12-04,40.104000091552734,39.6582,36.4606,19330.098418898968,23196.11810267876
2023-12-05,38.132999420166016,39.7135,36.5383,18521.63670689675,22225.9640482761
2023-12-06,39.3129997253418,39.6461,36.6618,18990.801841036075,22788.962209243287
2023-12-07,39.96799850463867,39.5433,36.6906,19218.850211491008,23062.62025378921
2023-12-08,38.597999572753906,39.496,36.6722,18618.407230764587,22342.088676917505
2023-12-11,36.11800003051758,39.601,36.7424,17619.331423551022,21143.197708261225
2023-12-12,34.702999114990234,39.6738,36.8716,17052.8414331276,20463.40971975312
2023-12-13,35.8120002746582,39.9376,36.9861,17638.191237906103,21165.829485487324
2023-12-14,34.849998474121094,39.9217,37.0245,17221.54121385012,20665.849456620144
2023-12-15,33.18899917602539,40.413,36.9913,16713.755716255124,20056.50685950615
2023-12-18,35.52199935913086,40.5122,37.0211,17763.335928264776,21316.00311391773
2023-12-19,32.56800079345703,40.5918,37.1924,16518.85482993879,19822.62579592655
2023-12-20,33.520999908447266,40.9219,37.3205,17068.373529438486,20482.048235326183
2023-12-21,34.202999114990234,41.0664,37.5516,17428.26220648604,20913.914647783247
2023-12-22,34.17399978637695,41.2846,37.5964,17507.085852123524,21008.50302254823
2023-12-26,34.17399978637695,41.3611,37.5225,17538.599969624072,21046.319963548885
2023-12-27,35.51300048828125,41.1538,37.3684,18039.16194160516,21646.99432992619
2023-12-28,33.10499954223633,41.6334,37.6194,17177.9935222781,20613.59222673372
2023-12-29,32.349998474121094,42.2079,37.9824,17073.845317360763,20488.61438083291
2024-01-02,30.57200050354004,42.0059,38.0144,16196.23475528389,19435.481706340663
2024-01-03,32.79499816894531,41.7209,38.0839,17078.517659714562,20494.22119165747
2024-01-04,33.40999984741211,41.6073,38.1159,17306.04877225188,20767.258526702255
2024-01-05,34.55099868774414,41.6665,38.0412,17837.345099834365,21404.81411980124
2024-01-08,31.579999923706055,41.573,38.0775,16479.598164391376,19775.51779726965
2024-01-09,30.641000747680664,41.7973,38.192,16148.95576588228,19378.746919058736
2024-01-10,30.941999435424805,41.8185,38.2253,16291.606121941584,19549.9273463299
2024-01-11,30.816999435424805,41.8015,38.1923,16229.091738531535,19474.910086237844
2024-01-12,31.99099922180176,41.741,37.9982,16727.824247171404,20073.38909660568
2024-01-16,29.6560001373291,41.4763,37.8641,15588.591484693765,18706.309781632517
2024-01-17,27.70800018310547,41.2848,37.9247,14659.623277367373,17591.547932840844
2024-01-18,27.89299964904785,41.21,37.8977,14714.716412610273,17657.659695132326
2024-01-19,28.429000854492188,41.0146,37.7094,14879.567929418046,17855.481515301653
2024-01-22,27.263999938964844,40.8404,37.5268,14308.318705670426,17169.98244680451
2024-01-23,27.22699928283691,40.7928,37.4521,14275.329975731913,17130.395970878293
2024-01-24,28.929000854492188,40.6905,37.4544,14979.4515149542,17975.34181794504
2024-01-25,27.784000396728516,40.8837,37.5252,14550.167308185612,17460.200769822735
2024-01-26,28.07900047302246,40.9161,37.5825,14690.725985388952,17628.87118246674
2024-01-29,28.173999786376953,41.0567,37.7811,14783.292214038232,17739.95065684588
2024-01-30,29.391000747680664,41.0042,37.8862,15298.083878259657,18357.700653911583
2024-01-31,30.23500061035156,41.0845,37.8746,15697.64804049868,18837.177648598416
2024-02-01,28.99099922180176,40.7067,37.5627,15012.958852386104,18015.550622863324
2024-02-02,29.304000854492188,40.6695,37.6047,15135.620384125146,18162.744460950176
2024-02-05,28.340999603271484,40.8797,37.5698,14792.124540818828,17750.549448982594
2024-02-06,28.60700035095215,40.3747,37.5544,14726.93431271785,17672.32117526142
2024-02-07,28.18600082397461,40.3946,37.6254,14552.991461838034,17463.58975420564
2024-02-08,27.812000274658203,40.5035,37.5937,14429.657456355304,17315.588947626366
2024-02-09,27.117000579833984,40.4129,37.5707,14097.94653367235,16917.535840406817
2024-02-12,25.729000091552734,40.5129,37.6234,13532.295679361789,16238.754815234146
2024-02-13,25.43600082397461,40.8092,37.8951,13503.603051264825,16204.323661517788
2024-02-14,24.85700035095215,41.1212,38.1264,13352.30251022705,16022.76301227246
2024-02-15,24.965999603271484,40.8684,38.1734,13319.585604639184,15983.50272556702
2024-02-16,24.82200050354004,40.7718,37.9484,13224.558684390247,15869.470421268295
2024-02-20,24.167999267578125,41.2403,38.2847,13087.957930828446,15705.549516994137
2024-02-21,23.97699928283691,41.5421,38.4756,13098.459474362982,15718.151369235578
2024-02-22,23.19300079345703,41.7213,38.6237,12805.67369899333,15366.808438791995
2024-02-23,22.93400001525879,41.728,38.4803,12691.393880146974,15229.672656176368
2024-02-26,24.00900077819824,41.5628,38.3527,13118.268098033246,15741.921717639894
2024-02-27,24.392000198364254,41.5985,38.3361,13299.292493936424,15959.150992723708
2024-02-28,25.618999481201172,41.7179,38.4249,13883.758493776368,16660.51019253164
2024-02-29,24.864999771118164,41.2968,38.2077,13412.321432448967,16094.78571893876
2024-03-01,25.80900001525879,41.2035,38.0492,13796.769860974038,16556.123833168844
2024-03-04,26.885000228881836,41.2635,38.1575,14291.16686538217,17149.400238458606
2024-03-05,27.468000411987305,41.5433,38.3135,14645.95549392596,17575.14659271115
2024-03-06,26.57200050354004,41.6463,38.3943,14283.837744540935,17140.60529344912
2024-03-07,25.992000579833984,41.5918,38.2664,14007.12867872192,16808.554414466304
2024-03-08,26.392000198364254,41.4883,38.0836,14148.862134533072,16978.634561439685
2024-03-11,24.93000030517578,41.6957,38.141,13567.995751509228,16281.594901811071
2024-03-12,24.774999618530273,41.9559,38.3825,13583.267058085132,16299.920469702158
2024-03-13,24.902999877929688,42.0414,38.4924,13668.59768755083,16402.317225060993
2024-03-14,26.048999786376953,42.4183,38.7878,14309.742062540709,17171.690475048847
2024-03-15,27.025999069213867,42.287,38.6854,14706.593080180366,17647.911696216437
2024-03-18,28.82200050354004,42.2452,38.7998,15502.979059800198,18603.574871760236
2024-03-19,28.86599922180176,42.447,38.9744,15596.902302231472,18716.282762677765
2024-03-20,27.742000579833984,42.4641,39.1338,15094.59943382622,18113.519320591466
2024-03-21,26.402000427246097,42.4394,39.1399,14478.931162499826,17374.717394999792
2024-03-22,27.775999069213867,42.4693,38.9234,15110.472883859004,18132.56746063081
2024-03-25,28.48900032043457,42.1252,38.9075,15310.602321235105,18372.722785482125
2024-03-26,27.131999969482425,42.4898,39.2298,14827.51832783788,17793.021993405455
2024-03-27,27.687000274658203,42.6911,39.343,15150.225380016796,18180.270456020156
2024-03-28,27.34000015258789,42.442,39.2273,14905.344661382744,17886.413593659294
2024-04-02,26.20299911499023,42.1384,39.0749,14288.09538040834,17145.714456490008
2024-04-03,25.562999725341797,42.2768,39.3236,14046.965229965424,16856.358275958508
2024-04-04,26.20599937438965,42.2643,39.1953,14332.1621774075,17198.594612889
2024-04-05,26.606000900268555,42.3485,39.0201,14539.909528659622,17447.891434391546
2024-04-08,27.90800094604492,42.091,38.8437,15036.908853228251,18044.2906238739
2024-04-09,27.35099983215332,42.2008,38.9882,14825.487797426156,17790.585356911386
2024-04-10,27.100000381469727,42.3519,38.9945,14764.231876964956,17717.078252357947
2024-04-11,29.37700080871582,42.3616,39.0232,15797.423483869448,18956.90818064334
2024-04-12,30.73200035095215,42.019,39.1676,16280.418639320578,19536.502367184698
2024-04-15,31.14299964904785,41.9678,39.399,16446.512326166237,19735.814791399484
2024-04-16,33.138999938964844,42.1618,39.5737,17420.844174664468,20905.013009597362
2024-04-17,31.288999557495117,42.1222,39.5737,16572.860706440697,19887.432847728836
2024-04-18,32.308998107910156,42.0562,39.5451,17005.03703321139,20406.044439853667
2024-04-19,30.757999420166016,42.2789,39.6037,16394.10268624012,19672.923223488146
2024-04-22,29.309999465942383,42.3821,39.7879,15779.56734255189,18935.48081106227
2024-04-23,28.41699981689453,42.3118,39.7836,15350.442861200205,18420.531433440246
2024-04-24,29.01799964904785,42.262,39.586,15602.542049969044,18723.05045996285
2024-04-25,29.770999908447266,42.1833,39.4716,15912.30567967569,19094.766815610827
2024-04-26,28.88599967956543,42.5205,39.6702,15637.04197257772,18764.45036709326
2024-04-29,27.993999481201172,42.4409,39.6015,15203.678151559763,18244.413781871714
2024-04-30,29.118000030517575,42.4972,39.6688,15733.853283824532,18880.62394058944
2024-05-01,28.729999542236328,42.3641,39.5151,15508.91714350744,18610.700572208927
2024-05-02,30.913000106811523,42.2986,39.637,16471.826003444414,19766.191204133294
2024-05-03,30.527999877929688,42.3098,39.5345,16301.570287836075,19561.88434540329
2024-05-06,31.801000595092773,42.3359,39.3969,16885.89565792619,20263.07478951143
2024-05-07,31.066999435424805,42.3983,39.3561,16577.93599383972,19893.523192607663
2024-05-08,30.608999252319336,42.3087,39.2966,16336.20104316599,19603.441251799188
2024-05-09,30.864999771118164,42.3168,39.3828,16455.479855206788,19746.575826248143
2024-05-10,30.02899932861328,42.4312,39.5518,16121.700424133332,19346.04050896
2024-05-13,29.57799911499023,42.8148,39.7206,16060.102165228063,19272.122598273676
2024-05-14,29.66900062561035,42.7495,39.6196,16076.875539960354,19292.250647952424
2024-05-15,29.733999252319336,42.8305,39.6799,16136.960429123748,19364.352514948496
2024-05-16,30.24799919128418,42.8501,39.5771,16378.680835063313,19654.417002075978
2024-05-17,30.768999099731445,42.8452,39.4305,16614.182199681913,19937.018639618294
2024-05-20,31.76799964904785,42.7549,39.4272,17035.63368998244,20442.760427978927
2024-05-21,33.00400161743164,43.0802,39.665,17733.2618108663,21279.91417303956
2024-05-22,34.388999938964844,43.2643,39.8052,18448.510972883632,22138.21316746036
2024-05-23,35.22800064086914,43.1106,39.825,18770.1241967716,22524.14903612592
2024-05-24,34.1150016784668,43.3137,39.9205,18343.33693579148,22012.00432294978
2024-05-28,33.534000396728516,43.759,40.3012,18260.328019872733,21912.39362384728
2024-05-29,33.87900161743164,43.9708,40.3958,18510.001985613475,22212.00238273617
2024-05-30,35.19200134277344,43.9202,40.4832,19105.162719476823,22926.195263372185
2024-05-31,34.222999572753906,43.8171,40.5001,18607.78855488419,22329.34626586103
2024-06-03,36.013999938964844,43.985,40.5373,19519.27533284156,23423.13039940987
2024-06-04,33.797000885009766,43.8939,40.4813,18440.214741789212,22128.257690147053
2024-06-05,33.35499954223633,43.7671,40.2938,18179.980541964,21815.9766503568
2024-06-06,33.68600082397461,43.6083,40.1254,18267.96218339051,21921.55462006861
2024-06-07,33.10900115966797,43.627,40.1537,18007.148125853513,21608.577751024215
2024-06-10,34.257999420166016,43.8709,40.2485,18645.082656436072,22374.099187723285
2024-06-11,34.28499984741211,43.4726,40.4246,18491.82980711354,22190.195768536247
2024-06-12,35.29399871826172,43.4594,40.5178,18954.999463794324,22745.999356553188
2024-06-13,35.7239990234375,43.532,40.4441,19185.574869837405,23022.689843804885
2024-06-14,35.36000061035156,43.885,40.6908,19170.10272793285,23004.123273519417
2024-06-17,34.209999084472656,43.4782,40.649,18460.816117426493,22152.979340911792
2024-06-18,34.70000076293945,43.5366,40.6485,18712.987039328556,22455.584447194266
2024-06-20,34.4640007019043,43.5744,40.5381,18618.5172148255,22342.2206577906
2024-06-21,33.93600082397461,43.4276,40.5184,18311.771191666085,21974.1254299993
2024-06-24,34.08000183105469,43.2347,40.4478,18297.599185887444,21957.119023064937
2024-06-25,34.85300064086914,43.5188,40.5505,18775.889210044217,22531.067052053055
2024-06-26,33.82400131225586,43.545,40.6545,18309.383550242783,21971.260260291343
2024-06-27,34.564998626708984,43.3133,40.5138,18555.06303681965,22266.07564418358
2024-06-28,34.47999954223633,43.3547,40.5374,18533.362321941742,22240.034786330096
2024-07-01,33.48500061035156,43.2658,40.4542,18035.806048673447,21642.967258408135
2024-07-02,33.685001373291016,43.6853,40.6413,18302.623869258827,21963.14864311059
2024-07-03,32.691001892089844,43.6977,40.7476,17844.756635831225,21413.70796299747
2024-07-05,33.06700134277344,43.7814,40.5458,18052.860863882248,21663.4330366587
2024-07-08,32.2859992980957,43.8624,40.542,17720.062466666568,21264.07495999988
2024-07-09,31.334999084472656,44.0781,40.7,17359.458944576018,20831.35073349122
2024-07-10,30.784000396728516,44.0846,40.7662,17103.105601521675,20523.72672182601
2024-07-11,31.11199951171875,44.0776,40.7146,17254.431585309812,20705.317902371775
2024-07-12,31.7189998626709,44.3818,40.8823,17660.363454771807,21192.43614572617
2024-07-15,31.371000289916992,44.686,41.0434,17614.63802834709,21137.565634016508
2024-07-16,32.797000885009766,44.7263,41.0107,18310.92254904329,21973.107058851947
2024-07-17,31.89299964904785,44.9789,41.2575,17980.378853687915,21576.454624425496
2024-07-18,32.67399978637695,45.3457,41.4627,18504.215870057487,22205.059044068985
2024-07-19,32.16999816894531,45.2618,41.422,18226.69287683983,21872.031452207793
2024-07-22,31.839000701904297,45.186,41.4912,18037.402608020944,21644.883129625137
2024-07-23,31.621999740600582,44.9952,41.3369,17857.1429613743,21428.57155364916
2024-07-24,32.62099838256836,44.7693,41.2316,18245.583917837062,21894.700701404476
2024-07-25,31.77899932861328,44.7044,41.2174,17817.609840231187,21381.131808277423
2024-07-26,32.474998474121094,44.683,41.1977,18141.066093294456,21769.279311953345
2024-07-29,33.87300109863281,44.6324,41.098,18786.26003795456,22543.51204554547
2024-07-30,34.361000061035156,44.4055,41.0478,18923.105111144916,22707.726133373897
2024-07-31,35.86800003051758,44.4181,41.0291,19642.84265501031,23571.411186012378
2024-08-01,36.96900177001953,44.4016,41.0063,20157.35775023639,24188.82930028367
2024-08-02,36.64899826049805,44.4013,41.139,20006.40308700162,24007.683704401945
2024-08-05,35.49800109863281,44.6467,41.225,19567.49429031727,23480.993148380723
2024-08-06,36.67599868774414,45.1474,41.1966,20351.505906680264,24421.80708801632
2024-08-07,38.45100021362305,44.7931,41.0381,21041.60419036485,25249.92502843782
2024-08-08,40.095001220703125,44.7676,40.9847,21815.09015246686,26178.10818296023
2024-08-09,40.395999908447266,44.809,40.9926,21979.049168407026,26374.85900208843
2024-08-12,39.65800094604492,44.8855,41.119,21663.32263562499,25995.987162749992
2024-08-13,39.47999954223633,45.1058,41.283,21683.694716284775,26020.43365954173
2024-08-14,38.96699905395508,45.1957,41.3464,21479.286164349796,25775.143397219756
2024-08-15,39.60100173950195,45.5497,41.3262,21953.584312868235,26344.30117544188
2024-08-16,39.64400100708008,45.3055,41.1382,21856.899793410397,26228.279752092476
2024-08-19,39.845001220703125,45.2991,41.211,21951.51670695534,26341.82004834641
2024-08-20,37.957000732421875,45.6085,41.3027,21181.01229913228,25417.214758958737
2024-08-21,37.0099983215332,45.8195,41.3459,20814.847655398014,24977.817186477616
2024-08-22,36.58700180053711,45.898,41.2975,20642.487345993235,24770.98481519188
2024-08-23,36.862998962402344,45.9826,41.2881,20815.4612629954,24978.55351559448
2024-08-26,37.65599822998047,45.8406,41.2236,21139.63997652377,25367.567971828517
2024-08-27,38.68899917602539,46.1816,41.3591,21805.04725815993,26166.056709791916
2024-08-28,38.52000045776367,46.1041,41.3008,21685.35199889355,26022.42239867226
2024-08-29,38.60100173950195,45.8791,41.2508,21620.17091132992,25944.205093595905
2024-08-30,39.823001861572266,45.7045,41.1901,22134.721705865304,26561.666047038365
2024-09-03,37.19300079345703,45.4622,41.0976,20741.824653176827,24890.189583812193
2024-09-04,35.79800033569336,45.5431,41.264,20101.125552019912,24121.350662423894
2024-09-05,36.19499969482422,45.6065,41.2766,20322.097630987857,24386.517157185423
2024-09-06,36.479000091552734,45.5882,41.089,20451.04953481951,24541.25944178341
2024-09-09,37.33300018310547,45.5574,41.0168,20852.267587633814,25022.721105160577
2024-09-10,35.28200149536133,45.383,41.0948,19780.324635498026,23736.389562597626
2024-09-11,36.141998291015625,45.3774,41.14,20194.793898951568,24233.75267874188
2024-09-12,35.191001892089844,45.4894,41.1855,19782.47363244259,23738.968358931113
2024-09-13,35.64799880981445,45.4595,41.2743,19991.989888476564,23990.387866171877
2024-09-16,34.08100128173828,45.7959,41.3171,19372.175851687472,23246.611022024965
2024-09-17,35.547000885009766,46.0079,41.3591,20180.893807286186,24217.072568743417
2024-09-18,35.244998931884766,46.1245,41.41,20082.991863269952,24099.59023592394
2024-09-19,33.08300018310547,46.1099,41.4508,19012.796836276255,22815.356203531504
2024-09-20,34.444000244140625,46.2396,41.4445,19737.284058879704,23684.740870655645
2024-09-23,36.21099853515625,46.1486,41.3481,20568.832658969794,24682.59919076375
2024-09-24,35.41299819946289,45.9928,41.3567,20108.550729554645,24130.260875465578
2024-09-25,37.319000244140625,46.0414,41.3744,21066.416056448154,25279.699267737786
2024-09-26,37.88999938964844,46.1958,41.2647,21417.04185261113,25700.450223133357
2024-09-27,38.11399841308594,45.9598,41.2085,21418.525041286855,25702.230049544225
2024-09-30,39.04399871826172,45.9541,41.1664,21871.85097800045,26246.221173600537
2024-10-01,39.27299880981445,46.1539,41.2199,22078.96280527655,26494.75536633186
2024-10-02,38.617000579833984,45.7106,41.2476,21549.530311071176,25859.43637328541
2024-10-03,39.9119987487793,45.7147,41.2755,22183.584176468765,26620.301011762516
2024-10-04,40.97999954223633,45.5236,41.2202,22610.617609443143,27132.74113133177
2024-10-07,40.24399948120117,45.4322,41.1859,22208.582094478417,26650.2985133741
2024-10-08,38.91899871826172,45.221,41.1961,21467.019448336127,25760.42333800335
2024-10-09,38.34099960327149,45.2437,41.1756,21198.36974553695,25438.04369464434
2024-10-10,40.292999267578125,45.1274,41.1934,22085.023189201755,26502.027827042104
2024-10-11,39.87900161743164,45.0477,41.2072,21847.492135399814,26216.99056247978
2024-10-14,40.55899810791016,45.0238,41.1891,22162.75133069163,26595.301596829955
2024-10-15,39.972999572753906,44.9575,41.1963,21849.320107768,26219.1841293216
2024-10-16,39.24100112915039,44.9232,41.2139,21481.933064799898,25778.319677759875
2024-10-17,39.650001525878906,44.9132,41.2256,21673.38042208022,26008.05650649626
2024-10-18,39.20399856567383,44.7937,41.2351,21403.216927384317,25683.86031286118
2024-10-21,40.02399826049805,44.7272,41.2308,21763.328715092422,26115.994458110912
2024-10-22,40.70399856567383,44.813,41.2833,22130.203339698804,26556.244007638565
2024-10-23,41.380001068115234,44.7081,41.3313,22401.961635667576,26882.35396280109
2024-10-24,42.15399932861328,44.4355,41.2739,22633.770499003404,27160.524598804084
2024-10-25,43.51300048828125,44.5413,41.263,23333.13226732468,27999.758720789618
2024-10-28,42.51900100708008,44.7136,41.3135,22948.23467536713,27537.881610440556
2024-10-29,42.86899948120117,44.6975,41.3292,23107.16931401981,27728.603176823777
2024-10-30,40.90299987792969,44.6074,41.3798,22125.277023857074,26550.332428628488
2024-10-31,40.5880012512207,44.635,41.279,21988.060900179924,26385.673080215907
2024-11-01,39.17499923706055,44.8467,41.2194,21414.242044688996,25697.090453626795
2024-11-04,40.30099868774414,44.968,41.2891,22012.410341223364,26414.892409468037
2024-11-05,40.492000579833984,45.1417,41.3954,22189.136957984836,26626.9643495818
2024-11-06,40.38800048828125,45.1503,41.4375,22143.45909416153,26572.15091299384
2024-11-07,41.2760009765625,44.3374,41.4562,22170.008144328734,26604.009773194484
2024-11-08,42.40900039672851,44.5642,41.3589,22820.412375497817,27384.49485059738
2024-11-11,43.72800064086914,44.4864,41.2982,23407.029908803834,28088.4358905646
2024-11-12,44.255001068115234,43.9949,41.2981,23398.868426548077,28078.64211185769
2024-11-13,43.66600036621094,43.9416,41.3763,23095.061589810975,27714.07390777317
2024-11-14,46.2239990234375,43.9499,41.3413,24299.27158846088,29159.125906153055
2024-11-15,46.55099868774414,43.4677,41.2446,24186.706496412557,29024.047795695067
2024-11-18,46.900001525878906,43.6532,41.2796,24451.648859056382,29341.97863086766
2024-11-19,45.667999267578125,43.6345,41.3715,23868.01689363915,28641.620272366978
2024-11-20,46.79600143432617,43.691,41.331,24424.417155771775,29309.30058692613
2024-11-21,48.303001403808594,43.5635,41.2533,25054.23401341516,30065.08081609819
2024-11-22,47.01800155639648,43.4659,41.286,24402.671699850613,29283.206039820736
2024-11-25,47.733001708984375,42.9927,41.3193,24468.269541725873,29361.923450071048
2024-11-26,47.21599960327149,43.4733,41.4387,24499.652592777235,29399.58311133268
2024-11-27,46.762001037597656,43.6824,41.5035,24404.920368031773,29285.90444163813
2024-11-29,47.81100082397461,43.8626,41.5956,24996.262424617322,29995.51490954078
2024-12-02,48.654998779296875,43.901,41.5847,25413.374259300817,30496.04911116098
2024-12-03,48.55699920654297,43.7242,41.6461,25266.763344994302,30320.11601399316
2024-12-04,47.04600143432617,43.8238,41.6972,24617.162910995132,29540.595493194156
2024-12-05,46.55099868774414,43.7043,41.6628,24319.607547053187,29183.529056463824
2024-12-06,46.47999954223633,43.8146,41.5975,24346.677270044383,29216.01272405326
2024-12-09,44.85499954223633,43.8567,41.4446,23608.05000267616,28329.66000321139
2024-12-10,45.551998138427734,43.8525,41.5093,23932.51500330067,28719.0180039608
2024-12-11,44.694000244140625,43.8215,41.6119,23515.081403132644,28218.097683759173
2024-12-12,42.80400085449219,43.7997,41.6941,22620.355747467904,27144.42689696148
2024-12-13,41.21500015258789,43.7042,41.6588,21830.057490213712,26196.068988256455
2024-12-16,40.277000427246094,43.7373,41.607,21408.104957146857,25689.725948576222
2024-12-17,42.064998626708984,43.8064,41.7403,22278.49084935336,26734.189019224035
2024-12-18,41.00699996948242,43.9143,41.8271,21837.28785951131,26204.745431413572
2024-12-19,43.077999114990234,43.9581,41.9048,22831.122458671765,27397.34695040612
2024-12-20,44.130001068115234,43.577,41.9292,23125.061916620623,27750.074299944747
2024-12-23,45.54499816894531,43.5114,41.8761,23747.55832102904,28497.069985234844
2024-12-24,45.73099899291992,43.6454,41.991,23907.262313781648,28688.714776537978
2024-12-26,45.73099899291992,43.5159,41.8623,23836.300709886345,28603.560851863615
2024-12-27,47.73099899291992,43.5122,41.8447,24763.16886825362,29715.80264190434
2024-12-30,47.632999420166016,43.7479,41.9403,24850.69539593491,29820.83447512189
2024-12-31,48.88899993896485,43.9266,42.039,25540.69546237461,30648.83455484953
2025-01-02,50.27299880981445,43.6052,41.9725,25999.60759646587,31199.529115759047
2025-01-03,49.62200164794922,43.3753,42.0385,25562.951355007117,30675.54162600854
2025-01-06,47.32600021362305,43.3347,42.0889,24477.47761880658,29372.973142567895
2025-01-07,47.4739990234375,43.9091,42.1959,24868.38784755121,29842.06541706145
2025-01-08,45.55899810791016,43.8767,42.2297,23953.50140685332,28744.201688223984
2025-01-09,44.98699951171875,43.4272,42.2361,23445.76959920996,28134.92351905195
2025-01-10,45.007999420166016,43.5594,42.2825,23526.377284389175,28231.652741267008
2025-01-13,48.26100158691406,43.5738,42.2841,25047.20982061858,30056.651784742295
2025-01-14,46.946998596191406,43.1273,42.2692,24188.305248551587,29025.966298261905
2025-01-15,47.00600051879883,43.3218,42.2734,24323.47529471382,29188.17035365658
2025-01-16,46.24100112915039,43.5297,42.2659,24083.36593789059,28900.039125468713
2025-01-17,46.887001037597656,43.32,42.1729,24266.797284077697,29120.156740893235
2025-01-21,50.027000427246094,43.4998,42.1551,25824.36378600115,30989.23654320138
2025-01-22,48.71599960327149,43.6419,42.1661,25297.140682193203,30356.568818631844
2025-01-23,49.12300109863281,43.8735,42.0325,25619.701298131753,30743.641557758103
2025-01-24,49.70199966430664,43.6709,41.9751,25772.19765521917,30926.637186263004
2025-01-27,47.86199951171875,43.9168,41.9253,25052.85425541797,30063.425106501563
2025-01-28,48.2239990234375,44.146,41.9479,25352.933429736575,30423.52011568389
2025-01-29,51.15599822998047,43.7843,42.0195,26518.298531237473,31821.958237484967
2025-01-30,51.72600173950195,43.6192,41.9294,26684.159004432924,32020.990805319507
2025-01-31,53.23699951171875,43.5097,41.8242,27318.97963196744,32782.775558360925
2025-02-03,53.79399871826172,43.3244,41.7263,27460.756066141468,32952.90727936976
2025-02-04,52.04800033569336,42.8627,41.7908,26372.499520579622,31646.99942469555
2025-02-05,53.4379997253418,43.117,41.7558,27166.919724131974,32600.30366895837
2025-02-06,54.50199890136719,43.4081,41.6584,27840.924396098915,33409.1092753187
2025-02-07,55.722999572753906,42.9792,41.4897,28127.604233308222,33753.12507996987
2025-02-10,58.03900146484375,43.0327,41.4733,29226.08929748874,35071.307156986484
2025-02-11,57.76599884033203,42.8955,41.5936,29009.527496252063,34811.43299550247
2025-02-12,55.6609992980957,43.0114,41.6696,28121.17043711797,33745.404524541555
2025-02-13,51.382999420166016,43.3557,41.7927,26364.96545173252,31637.95854207902
2025-02-14,50.685001373291016,43.4361,41.7996,26089.75382000559,31307.704584006708
2025-02-18,49.21500015258789,43.5168,41.5554,25453.272144983464,30543.926573980156
2025-02-19,48.26399993896485,43.4661,41.5705,24982.76251344965,29979.315016139575
2025-02-20,47.49399948120117,43.4737,41.6814,24630.456245999936,29556.54749519992
2025-02-21,47.19499969482422,43.5511,41.7316,24535.14567565884,29442.17481079061
2025-02-24,47.14400100708008,43.5093,41.5919,24487.267128460207,29384.72055415225
2025-02-25,44.29100036621094,43.6448,41.7015,23234.162157210692,27880.99458865283
2025-02-26,41.33599853515625,43.7892,41.7358,21929.049327319215,26314.859192783057
2025-02-27,44.93000030517578,43.6252,41.639,23521.02735892006,28225.23283070407
2025-02-28,44.31999969482422,43.4942,41.514,23167.173795506707,27800.608554608047
2025-03-03,45.2130012512207,43.1134,41.4313,23377.143460191248,28052.572152229495
2025-03-04,43.4640007019043,43.5417,41.5911,22794.80472744049,27353.765672928585
2025-03-05,41.507999420166016,43.8775,41.5782,22052.27273366022,26462.72728039226
2025-03-06,38.2400016784668,44.2493,41.368,20691.82945194272,24830.195342331263
2025-03-07,39.97100067138672,44.5596,41.2742,21657.845406691027,25989.414488029233
2025-03-10,41.23199844360352,44.7281,41.2127,22340.43132107353,26808.517585288235
2025-03-11,42.709999084472656,44.7716,41.287,23068.770089235764,27682.52410708292
2025-03-12,42.25400161743164,45.2141,41.4124,23074.854385615396,27689.825262738475
2025-03-13,42.07600021362305,45.1644,41.5076,22964.578359714076,27557.49403165689
2025-03-14,42.290000915527344,45.0007,41.527,22985.240531828294,27582.288638193953
2025-03-17,41.24800109863281,45.2291,41.5098,22597.331589282603,27116.797907139124
2025-03-18,40.755001068115234,45.1649,41.4395,22327.489883388567,26792.98786006628
2025-03-19,43.35499954223633,45.3483,41.5658,23676.525074287263,28411.83008914471
2025-03-20,42.85499954223633,45.3229,41.573,23421.549337186385,28105.859204623663
2025-03-21,42.60499954223633,45.0014,41.541,23137.006414319934,27764.40769718392
2025-03-24,42.74800109863281,44.9807,41.5277,23195.06611070939,27834.07933285127
2025-03-25,41.55500030517578,45.0886,41.6446,22676.60200516245,27211.92240619494
2025-03-26,40.869998931884766,45.1389,41.6949,22371.85116409539,26846.22139691447
2025-03-27,41.20199966430664,44.823,41.5644,22375.182356425583,26850.2188277107
2025-03-28,40.58700180053711,44.7471,41.4863,22043.47477001959,26452.169724023508
2025-03-31,40.66699981689453,44.7472,41.4787,22081.68755640485,26498.02506768582
2025-04-01,42.45000076293945,44.8278,41.4228,22973.85048134458,27568.620577613496
2025-04-02,41.26300048828125,44.6084,41.373,22297.15353322693,26756.58423987231
2025-04-03,39.202999114990234,44.6339,41.3162,21327.857965969655,25593.429559163586
2025-04-04,36.4010009765625,45.8531,41.3426,20531.80136585211,24638.161639022528
2025-04-07,37,45.5524,41.1941,20689.22347025,24827.0681643
2025-04-08,36.23099899291992,45.0532,41.0807,20094.829854611973,24113.79582553437
2025-04-09,33.66600036621094,45.0258,41.174,18850.50435740944,22620.605228891323
2025-04-10,33.292999267578125,45.5471,41.2751,18884.969422337785,22661.96330680534
2025-04-11,33.4630012512207,45.8415,41.4031,19089.331349832377,22907.19761979885
2025-04-14,34.499000549316406,46.9153,41.3879,20048.9775652816,24058.77307833792
2025-04-15,34.40700149536133,47.0271,41.3153,20049.46494849026,24059.35793818831
2025-04-16,35.3120002746582,46.6104,41.1753,20323.565158150588,24388.278189780704
2025-04-17,35.65700149536133,46.8205,41.2152,20586.669731632308,24704.003677958768
2025-04-21,35.65700149536133,47.0253,41.3955,20676.719080331528,24812.06289639783
2025-04-22,34.24399948120117,47.7653,41.3785,20277.297306127293,24332.756767352752
2025-04-23,34.15999984741211,47.7131,41.5185,20213.548375831288,24256.258050997545
2025-04-24,33.57400131225586,47.5421,41.6707,19845.645563380487,23814.774676056582
2025-04-25,32.43199920654297,47.4171,41.689,19216.23564172987,23059.482770075843
2025-04-28,32.39799880981445,47.3856,41.7513,19186.85185064502,23024.222220774023
2025-04-29,31.856000900268555,47.3921,41.7441,18915.19782208547,22698.23738650256
2025-04-30,32.31700134277344,47.284,41.5647,19104.202678423888,22925.043214108664
2025-05-01,32.14899826049805,47.1687,41.4706,18973.070808118264,22767.684969741917
2025-05-02,33.077999114990234,47.0808,41.5945,19405.91641457512,23287.099697490143
2025-05-05,32.93000030517578,47.3127,41.7091,19426.17046180802,23311.40455416962
2025-05-06,34.74300003051758,47.1868,41.6036,20287.75503824229,24345.306045890746
2025-05-07,34.53099822998047,46.9637,41.4544,20085.85624229534,24103.027490754408
2025-05-08,35.340999603271484,47.0745,41.4388,20539.554575673377,24647.46549080805
2025-05-09,34.61800003051758,46.887,41.5113,20097.40252557462,24116.883030689543
2025-05-12,35.38999938964844,46.7528,41.547,20426.170907482,24511.4050889784
2025-05-13,35.74399948120117,46.1578,41.5387,20344.003285279916,24412.803942335897
2025-05-14,35.04800033569336,46.0924,41.5004,19972.85404193334,23967.424850320007
2025-05-15,35.29399871826172,46.5886,41.5376,20307.568918218865,24369.082701862637
2025-05-16,35.15599822998047,46.3831,41.4709,20150.41558227325,24180.4986987279
2025-05-19,35.224998474121094,46.449,41.4983,20213.054716028513,24255.665659234215
2025-05-20,36.979000091552734,46.8562,41.576,21265.74246715876,25518.89096059051
2025-05-21,36.62099838256836,46.6521,41.4851,20995.40460476848,25194.48552572218
2025-05-22,36.35599899291992,46.9138,41.436,20978.64921478945,25174.379057747337
2025-05-23,36.45000076293945,46.9281,41.4999,21032.465514825217,25238.95861779026
2025-05-27,37.00600051879883,47.295,41.5707,21475.97769842811,25771.17323811373
2025-05-28,36.6870002746582,47.3104,41.6758,21322.454021452977,25586.944825743572
2025-05-29,35.15800094604492,47.0761,41.5903,20449.257490237924,24539.10898828551
2025-05-30,34.22800064086914,46.8026,41.5285,19866.9682595796,23840.36191149552
2025-06-02,35.01499938964844,47.074,41.5261,20376.082577789217,24451.29909334706
2025-06-03,35.847999572753906,47.5032,41.6184,20982.426877024933,25178.91225242992
2025-06-04,35.650001525878906,47.4263,41.6385,20848.78253289049,25018.53903946859
2025-06-05,36.39300155639648,47.2013,41.4829,21124.520607835035,25349.42472940204
2025-06-06,36.250999450683594,47.3773,41.4717,21130.39956598426,25356.47947918111
2025-06-09,35.60499954223633,47.2726,41.4018,20757.849261521427,24909.419113825712
2025-06-10,34.63800048828125,47.3713,41.4919,20312.212548513275,24374.65505821593
2025-06-11,35.91299819946289,47.5033,41.5566,21015.03237365923,25218.038848391076
2025-06-12,36.176998138427734,47.4562,41.5117,21127.912939681923,25353.495527618303
2025-06-13,37.89400100708008,48.0825,41.488,22284.36364653976,26741.236375847708
2025-06-16,37.90599822998047,47.6926,41.4466,22111.671860880306,26534.006233056363
2025-06-17,39.30899810791016,48.0675,41.5306,23003.8342294423,27604.601075330756
2025-06-18,38.69300079345703,48.0159,41.5255,22663.65301757456,27196.383621089473
2025-06-20,40.92900085449219,47.859,41.6854,23733.86389748064,28480.636676976766
2025-06-23,40.52199935913086,48.2006,41.8335,23692.884167406293,28431.46100088755
2025-06-24,35.6150016784668,48.0209,41.8702,21090.355837033363,25308.427004440036
2025-06-25,35.4010009765625,48.5084,41.7924,21190.4014618606,25428.48175423272
2025-06-26,34.02399826049805,48.3238,41.662,20399.6097502265,24479.5317002718
2025-06-27,33.08700180053711,48.638,41.5852,20043.505464408045,24052.206557289657
2025-06-30,32.89799880981445,48.7823,41.6409,20004.110675104625,24004.93281012555
2025-07-01,33.69300079345703,48.9856,41.7788,20502.97120895557,24603.56545074668
2025-07-02,33.590999603271484,49.4093,41.8191,20624.439646500316,24749.327575800377
2025-07-03,33.62099838256836,49.1328,41.8116,20526.21875010901,24631.46250013081
2025-07-04,33.43000030517578,49.1758,41.7239,20443.116110902534,24531.739333083045
2025-07-07,33.62099838256836,49.121,41.7341,20520.85378729775,24625.0245447573
2025-07-08,34.21900177001953,49.0285,41.7975,20796.109610653977,24955.331532784767
2025-07-09,34.30400085449219,49.0563,41.8462,20852.574655237055,25023.089586284463
2025-07-10,35.16999816894531,48.8427,41.7745,21214.019196370737,25456.823035644884
2025-07-11,35.56100082397461,48.975,41.8232,21475.484986905623,25770.581984286742
2025-07-14,35.45399856567383,48.8416,41.7842,21361.683374985172,25634.02004998221
2025-07-15,34.44499969482422,48.8973,41.8355,20859.39233844225,25031.2708061307
2025-07-16,34.808998107910156,48.8031,41.8211,21009.267501354603,25211.121001625525
2025-07-17,34.40700149536133,48.5197,41.8129,20680.567367851607,24816.680841421927
2025-07-18,33.595001220703125,48.4527,41.867,20232.73858452492,24279.286301429904
2025-07-21,33.159000396728516,48.607,41.7514,20069.332540629384,24083.19904875526
2025-07-22,33.111000061035156,48.7907,41.8194,20119.600485487095,24143.520582584515
2025-07-23,32.689998626708984,48.8654,41.7653,19930.031566939026,23916.037880326825
2025-07-24,32.358001708984375,48.9821,41.7651,19803.387591315448,23764.065109578536
2025-07-25,32.499000549316406,49.1009,41.7738,19924.725611567857,23909.670733881423
2025-07-28,32.89899826049805,48.9815,41.7824,20086.134872691044,24103.36184722925
2025-07-29,34.10300064086914,48.6967,41.7997,20596.909763965166,24716.2917167582
2025-07-30,34.5369987487793,48.224,41.7886,20622.939971782595,24747.52796613911
2025-07-31,35.27899932861328,48.1481,41.7662,20972.135450352504,25166.562540423005
2025-08-01,33.97200012207031,47.7491,41.7132,20134.02633673188,24160.831604078256
2025-08-04,34.28300094604492,47.6448,41.7644,20249.14276408624,24298.97131690349
2025-08-05,34.40599822998047,48.347,41.7901,20607.252797085443,24728.70335650253
2025-08-06,33.25699996948242,48.0914,41.6845,19909.183184198017,23891.01982103762
2025-08-07,32.95100021362305,48.2854,41.611,19830.210712006283,23796.25285440754
2025-08-08,32.44599914550781,48.276,41.4564,19565.154530440617,23478.185436528736
2025-08-11,32.999000549316406,48.1939,41.3895,19816.40709647425,23779.688515769096
2025-08-12,32.409000396728516,48.1969,41.449,19514.45173428508,23417.34208114209
2025-08-13,32.599998474121094,48.0758,41.4268,19563.970247904963,23476.764297485955
2025-08-14,32.14099884033203,48.6472,41.5149,19555.52465928415,23466.62959114098
2025-08-15,31.0310001373291,48.4405,41.45,18899.1705184757,22679.00462217084
2025-08-18,31.27199935913086,48.3059,41.3401,18970.965046015903,22765.158055219086
2025-08-19,31.22699928283691,48.1739,41.2589,18896.18865227181,22675.42638272617
2025-08-20,31.9060001373291,48.3241,41.3557,19305.16830444756,23166.20196533707
2025-08-21,33.17499923706055,48.1684,41.3782,19896.488495448313,23875.786194537977
2025-08-22,33.573001861572266,47.9825,41.2185,20023.562606209365,24028.275127451237
2025-08-25,33.77399826049805,47.91,41.2839,20096.928954600426,24116.31474552051
2025-08-26,33.459999084472656,48.4731,41.43,20168.466773810065,24202.16012857208
2025-08-27,32.55099868774414,48.2655,41.4047,19614.723064218382,23537.66767706206
2025-08-28,31.55900001525879,47.88,41.3222,18952.63102429906,22743.15722915887
2025-08-29,31.621999740600582,48.1341,41.2602,19083.769141097404,22900.522969316884
2025-09-02,31.77199935913086,48.4675,41.3722,19292.439553170356,23150.927463804423
2025-09-03,32.11199951171875,48.1756,41.3631,19352.65150899939,23223.18181079927
2025-09-04,32.4119987487793,48.2024,41.3719,19517.6934563611,23421.23214763332
2025-09-05,31.9689998626709,48.1348,41.3494,19262.920554244953,23115.504665093944
2025-09-08,33.06399917602539,48.1634,41.2199,19836.359425988154,23803.631311185785
2025-09-09,32.930999755859375,48.3818,41.2497,19856.603908822297,23827.924690586755
2025-09-10,33.12200164794922,48.2916,41.1237,19917.731629048965,23901.277954858757
2025-09-11,32.323001861572266,48.2408,41.2138,19486.17846757488,23383.414161089855
2025-09-12,32.6619987487793,48.2739,41.3127,19674.69761468109,23609.637137617305
2025-09-15,32.15399932861328,48.3929,41.2838,19459.92455812051,23351.909469744613
2025-09-16,32.32899856567383,48.4967,41.2317,19591.354931848586,23509.6259182183
2025-09-17,32.4010009765625,48.6567,41.1752,19692.147087009096,23630.57650441091
2025-09-18,32.95199966430664,48.7738,41.1941,20025.905030347792,24031.08603641735
2025-09-19,32.30799865722656,48.785,41.2488,19695.412759210616,23634.49531105274
2025-09-22,31.8439998626709,48.4215,41.2502,19310.812483064656,23172.974979677587
2025-09-23,32.26499938964844,48.7304,41.381100000000004,19652.15318054694,23582.583816656326
2025-09-24,31.902999877929688,48.8012,41.378,19491.71302883713,23390.055634604556
2025-09-25,32.45600128173828,48.6573,41.4105,19722.472989446243,23666.96758733549
2025-09-26,32.696998596191406,48.7118,41.4939,19870.12079487669,23844.14495385202
2025-09-29,32.060001373291016,48.4059,41.4789,19417.76764332476,23301.32117198971
2025-09-30,31.410999298095703,48.4408,41.3176,19094.931267981403,22913.91752157768
2025-10-01,31.334999084472656,48.3028,41.142,19000.97117357445,22801.16540828934
2025-10-02,31.454999923706055,48.3734,41.2215,19090.834959827873,22909.001951793445
2025-10-03,31.437999725341797,48.5039,41.2764,19133.171858822716,22959.80623058726
2025-10-06,33.11600112915039,48.3818,41.2286,19952.016477618756,23942.419773142505
2025-10-07,33.24599838256836,48.2696,41.3409,19974.072946903092,23968.88753628371
2025-10-08,32.70000076293945,48.1742,41.3158,19654.176946348925,23585.01233561871
2025-10-09,32.362998962402344,48.1386,41.4024,19467.230266264774,23360.676319517737
2025-10-10,32.16999816894531,48.2053,41.5062,19395.18674892968,23274.22409871562
2025-10-13,31.475000381469727,48.1094,41.6027,19000.82876403559,22800.994516842704
2025-10-14,31.801000595092773,48.1347,41.6102,19178.239507203736,23013.88740864448
2025-10-15,31.826000213623047,48.2354,41.7514,19231.58328976726,23077.89994772071
2025-10-16,32.37799835205078,48.5301,41.7607,19633.462543530375,23560.15505223645
2025-10-17,31.81599998474121,48.5224,41.6358,19338.482233516304,23206.178680219564
2025-10-20,31.73900032043457,48.7624,41.7308,19393.33651397857,23272.00381677429
2025-10-21,32.20000076293945,48.663,41.7565,19593.998142579894,23512.797771095877
2025-10-22,31.76799964904785,48.4732,41.7441,19295.007066529317,23154.008479835175
2025-10-23,32.45399856567383,48.369,41.755,19608.387111951353,23530.06453434162
2025-10-24,32.01599884033203,48.5502,41.897,19454.747410634955,23345.696892761945
2025-10-27,31.399999618530273,48.7668,41.9969,19220.30027466236,23064.36032959483
2025-10-28,31.493999481201172,48.9742,42.0704,19350.50703976219,23220.608447714625
2025-10-29,31.868999481201172,48.9784,42.0831,19548.291852478927,23457.950222974712
2025-10-30,31.04800033569336,48.8657,42.0115,19075.206673541536,22890.24800824984
2025-10-31,31.121999740600582,48.5132,41.9701,18977.61586193264,22773.13903431917
2025-11-03,31.74099922180176,48.4088,41.8924,19256.73422839521,23108.08107407425
2025-11-04,32.55099868774414,48.4269,42.0409,19683.526450152443,23620.23174018293
2025-11-05,31.819000244140625,48.3329,42.0725,19268.37248865776,23122.046986389312
2025-11-06,31.54800033569336,48.3351,42.0671,19129.372567450115,22955.24708094014
2025-11-07,31.201000213623047,48.5224,42.0836,19022.816160271745,22827.379392326093
2025-11-10,31.070999145507812,48.5058,41.9782,18948.406591509447,22738.087909811336
2025-11-11,31.10199928283691,48.543,41.9559,18978.65101866858,22774.381222402295
2025-11-12,30.933000564575195,48.6101,42.0139,18917.189253942808,22700.627104731368
2025-11-13,30.45800018310547,48.6544,42.0377,18687.627214112366,22425.15265693484
2025-11-14,31.25,48.8827,42.0641,19187.495920875,23024.99510505
2025-11-17,31.417999267578125,48.9835,42.0423,19314.208332292434,23177.04999875092
2025-11-18,31.694000244140625,48.7872,42.067,19381.79593648926,23258.15512378711
2025-11-19,30.940000534057617,48.7914,42.0924,18990.88561746295,22789.062740955545
2025-11-20,31.159000396728516,48.7374,42.0948,19084.12293086164,22900.947517033965
2025-11-21,30.197999954223633,48.5161,42.1549,18501.37838580699,22201.654062968388
2025-11-24,29.746999740600582,48.7045,42.2672,18338.40788964542,22006.089467574504
2025-11-25,29.38599967956543,48.9177,42.3713,18229.64768965521,21875.57722758625
2025-11-26,29.368000030517575,48.9483,42.4015,18231.66968141614,21878.003617699367
2025-11-28,28.816999435424805,48.8719,42.1928,17914.83237400937,21497.79884881124
2025-12-01,28.22699928283691,48.8933,42.266,17615.087715079288,21138.105258095144
2025-12-02,28.049999237060547,49.3149,42.3413,17671.935061985783,21206.32207438294
2025-12-03,28.20599937438965,49.1839,42.3342,17707.57732482571,21249.09278979085
2025-12-04,27.08799934387207,49.226,42.2034,17134.16159811294,20560.993917735526
2025-12-05,27.266000747680664,49.2264,42.1838,17227.710426520072,20673.252511824085
2025-12-08,26.871000289916992,48.9961,42.0567,16940.96746397876,20329.16095677451
2025-12-09,27.48900032043457,49.0242,42.07,17274.033563509096,20728.84027621091
2025-12-10,26.60199928283691,49.0935,42.1838,16833.94909487911,20200.73891385493
2025-12-11,26.80500030517578,49.2153,42.2812,16982.318284468714,20378.781941362457
2025-12-12,27.68400001525879,49.5154,42.2721,17548.767969495442,21058.52156339453
2025-12-15,27.424999237060547,49.4678,42.193600000000004,17394.883506240505,20873.860207488604
2025-12-16,26.763999938964844,49.6549,42.2451,17109.604725827336,20531.525670992803
2025-12-17,27.35700035095215,49.6684,42.1848,17428.208078768403,20913.849694522083
2025-12-18,27.652000427246097,49.6291,42.3384,17571.912811260987,21086.295373513185
2025-12-19,28.160999298095703,49.594,42.3374,17829.14401985067,21394.972823820804
2025-12-22,27.687000274658203,49.4725,42.2481,17535.2297203647,21042.27566443764
2025-12-23,27.73200035095215,49.4904,42.1482,17564.60502055154,21077.526024661845
2025-12-24,28.094999313354492,49.6363,42.1003,17807.616817156362,21369.14018058763
2025-12-26,28.094999313354492,49.4265,41.9331,17732.417902269182,21278.901482723017
2025-12-29,28.534000396728516,49.5552,42.0637,18010.961253960086,21613.153504752103
2025-12-30,27.766000747680664,49.6525,42.2179,17639.716371175986,21167.659645411182
2025-12-31,28.160999298095703,49.8565,42.3878,17922.392563571306,21506.871076285566
2026-01-02,29.003999710083008,49.5499,42.1701,18258.354402629808,21910.02528315577
2026-01-05,27.39900016784668,49.5794,42.2942,17420.40123223955,20904.48147868746
2026-01-06,28.07200050354004,49.5136,42.4208,17754.180071109953,21305.016085331943
2026-01-07,28.777000427246097,49.7992,42.5634,18230.711965046787,21876.85435805614
2026-01-08,27.698999404907227,49.9216,42.7155,17701.346249537277,21241.61549944473
2026-01-09,28.374000549316406,50.1762,42.9904,18153.54267492086,21784.251209905033
2026-01-12,30.246000289916992,50.1444,43.0757,19144.82926106009,22973.79511327211
2026-01-13,31.472999572753903,50.5264,43.2552,19951.52115591657,23941.82538709988
2026-01-14,31.812999725341797,50.3219,43.1762,20054.032900629885,24064.83948075586
2026-01-15,33.15800094604492,50.2649,43.1236,20752.99151521171,24903.58981825405
2026-01-16,36.87900161743164,50.4375,43.3927,22828.49653479555,27394.19584175466
2026-01-20,35.887001037597656,50.3031,43.2678,22234.915957222493,26681.89914866699
2026-01-21,39.20800018310547,50.7219,43.2522,24215.784256403607,29058.941107684328
2026-01-22,38.07899856567383,50.6669,43.1759,23578.694154909714,28294.432985891657
2026-01-23,40.03900146484375,50.5201,43.1667,24568.15973987576,29481.791687850913
2026-01-26,39.11199951171875,50.6539,43.1391,24131.053411561497,28957.264093873797
2026-01-27,38.76100158691406,51.0647,43.1253,24133.07380757423,28959.68856908907
2026-01-28,38.86100006103515,51.2297,42.9563,24263.74973952623,29116.499687431475
2026-01-29,40.112998962402344,51.2286,42.7689,24946.700264288844,29936.04031714661
2026-01-30,39.28499984741211,51.2423,42.8483,24500.885174745163,29401.062209694195
2026-02-02,33.94499969482422,51.0225,42.8113,21488.22547421888,25785.870569062652
2026-02-03,32.86000061035156,50.9062,42.9697,20851.283035029497,25021.539642035397
2026-02-04,33.500999450683594,50.9502,43.1928,21219.14045911544,25462.96855093853
2026-02-05,33.73500061035156,51.035,43.1695,21381.32627064369,25657.59152477243
2026-02-06,35.694000244140625,50.8972,43.1405,22388.537970238343,26866.24556428601
2026-02-09,33.49599838256836,50.763,43.0487,21138.56174267184,25366.27409120621
2026-02-10,31.84600067138672,51.12,43.0267,20384.71342412976,24461.65610895571
2026-02-11,32.16699981689453,51.2517,43.0904,20612.54860020332,24735.058320243985
2026-02-12,32.99399948120117,51.2078,43.0318,21046.826616312115,25256.19193957454
2026-02-13,32.5,51.0348,42.993,20707.2807075,24848.736848999997
2026-02-17,29.82200050354004,51.1614,43.1705,19296.52166704736,23155.826000456833
2026-02-18,31.481000900268555,51.1695,43.2577,20206.298403420165,24247.5580841042
2026-02-19,33.52299880981445,51.2577,43.292,21358.20000430159,25629.840005161914
2026-02-20,32.02899932861328,50.9163,43.2667,20405.606022902663,24486.7272274832
2026-02-23,31.833999633789062,50.917,43.2747,20299.94440785008,24359.933289420096
2026-02-24,30.891000747680664,51.0053,43.2982,19821.37034065085,23785.64440878102
2026-02-25,31.049999237060547,50.9659,43.2648,19892.56412603941,23871.076951247294
2026-02-26,32.2239990234375,50.962,43.2413,20529.590241381105,24635.50828965733
2026-02-27,31.958999633789062,51.0244,43.2081,20409.830351510223,24491.79642181227
2026-03-02,44.50600051879883,50.8661,43.0996,27159.641490660495,32591.569788792593
2026-03-03,54.290000915527344,50.6014,43.2343,32305.645854340353,38766.77502520842
2026-03-04,48.766998291015625,50.4597,43.4548,29242.378091125596,35090.85370935071
2026-03-05,50.73099899291992,50.8341,43.717,30524.734445296453,36629.681334355744
2026-03-06,53.3849983215332,50.9036,43.8069,32008.834483227976,38410.60137987357
2026-03-09,56.452999114990234,50.5422,43.7292,33438.38997770862,40126.06797325034
2026-03-10,47.39300155639648,50.7132,43.8961,28646.89356795611,34376.27228154733
2026-03-11,49.98899841308594,51.0386,43.8627,30243.068024535416,36291.6816294425
2026-03-12,50.869998931884766,50.9349,43.9776,30661.963195758643,36794.35583491037
2026-03-13,50.1150016784668,50.956,44.1636,30265.062901510915,36318.075481813095
2026-03-13,50.60499954223633,50.956,44.1636,30531.59983649703,36637.91980379643
2026-03-16,50.887001037597656,50.6661,44.1381,30511.87898166821,36614.25477800185
2026-03-17,51.55899810791016,50.5777,44.0803,30821.58974783113,36985.90769739736
2026-03-18,54.6619987487793,50.6388,43.9497,32535.02377665864,39042.02853199036
2026-03-19,61.85200119018555,50.5243,43.896,36339.65870785289,43607.590449423464
2026-03-20,59.255001068115234,50.5032,43.9617,34924.92570839406,41909.91085007287
2026-03-20,59.255001068115234,50.5032,43.9617,34924.92570839406,41909.91085007287
2026-03-23,56.68299865722656,50.6778,43.82,33652.35734532402,40382.82881438882
2026-03-24,54.04100036621094,50.883,43.8288,32352.461222942005,38822.9534675304
2026-03-25,52.81600189208984,50.8951,43.9205,31695.13106381224,38034.15727657468
2026-03-26,55.21799850463867,50.8523,43.8722,32972.32363869064,39566.78836642877
2026-03-27,54.176998138427734,50.6104,43.885,32254.48922229576,38705.38706675491
2026-03-30,54.81399917602539,50.4861,43.84,32518.981530072855,39022.77783608742
2026-03-31,50.75699996948242,50.3123,43.7955,30228.772023352005,36274.52642802241
2026-04-01,47.5099983215332,50.4546,43.9175,28565.41268077299,34278.495216927586
2026-04-02,50.04399871826172,50.8208,43.7808,30144.52764640155,36173.43317568186
2026-04-06,50.04399871826172,50.3123,43.6549,29844.923378659136,35813.90805439096
2026-04-07,53.24700164794922,50.321,43.5831,31570.150626714887,37884.180752057866
2026-04-08,45.30099868774414,50.2711,43.4946,27274.377669028272,32729.253202833926
2026-04-09,46.17499923706055,50.758,43.3792,28008.650313357633,33610.380376029156
2026-04-10,43.63800048828125,50.7979,43.4653,26655.270790664097,31986.32494879691
2026-04-13,46.41299819946289,50.9075,43.4587,28220.171684083005,33864.206020899604
2026-04-14,43.3650016784668,50.752,43.4372,26483.35306635571,31780.023679626855
2026-04-15,41.39899826049805,51.3253,43.4997,25702.580559603593,30843.096671524312
2026-04-16,42.422000885009766,51.2718,43.5152,26236.097935619266,31483.317522743117
2026-04-17,38.76900100708008,51.4216,43.6368,24307.490715832017,29168.98885899842
2026-04-20,40.29199981689453,51.7667,43.8943,25312.018362634175,30374.42203516101
2026-04-21,41.930999755859375,51.8929,44.1004,26282.29993543916,31538.75992252699
2026-04-22,43.551998138427734,51.9113,44.116,27189.90010478391,32627.88012574069
2026-04-23,44.49599838256836,51.4974,43.8873,27492.852852611635,32991.42342313396
2026-04-24,44.86100006103515,51.3804,43.9412,27631.57960444692,33157.8955253363
2026-04-27,44.645999908447266,51.5484,44.0039,27603.09478819044,33123.71374582853
2026-04-28,43.59400177001953,51.761,44.0894,27135.03814447195,32562.04577336634
2026-04-29,46.85300064086914,51.4999,44.0735,28791.164170497635,34549.39700459716
2026-04-30,45.98699951171875,51.5803,44.082,28358.885607510227,34030.66272901227
2026-05-01,45.76599884033203,51.4587,43.963,28170.532108304313,33804.638529965174
2026-05-04,48.14300155639648,51.5977,43.9129,29554.80274101417,35465.763289217
2026-05-05,46.92599868774414,51.458,44,28807.59583205929,34569.114998471145
2026-05-06,43.902000427246094,51.3963,43.9698,27114.06675216592,32536.8801025991
2026-05-07,43.56100082397461,51.6147,43.8528,27039.43658952173,32447.323907426075
2026-05-08,44.14300155639648,51.5433,43.8033,27322.335433150336,32786.8025197804
2026-05-11,46.233001708984375,51.5998,43.855,28503.539336401216,34204.24720368146
2026-05-12,46.68399810791016,51.7237,43.9584,28820.986844071653,34585.18421288598
2026-05-13,46.91999816894531,51.6416,43.9709,28905.87145643701,34687.04574772441
2026-05-14,47.654998779296875,51.5014,43.9694,29232.24324885996,35078.69189863195
2026-05-15,50.16699981689453,51.4384,43.9569,30576.10291834589,36691.32350201507
2026-05-18,50.25,51.2606,44.0724,30517.55866225,36621.0703947
2026-05-19,51.81600189208984,51.41,44.1591,31465.657859132218,37758.78943095866
2026-05-20,49.42499923706055,51.297,44.153,30087.78054159281,36105.33664991137
2026-05-21,49.40800094604492,51.3034,44.2271,30082.667639224557,36099.20116706947
2026-05-22,48.68299865722656,51.3027,44.2341,29685.25415563914,35622.30498676697
2026-05-26,47.47200012207031,51.5274,44.2447,29147.974691535383,34977.56962984246
2026-05-27,46.41299819946289,51.5159,44.2767,28559.360286099112,34271.23234331893
2026-05-28,46.92100143432617,51.5426,44.2996,28853.674055046013,34624.408866055215
2026-05-29,46.000999450683594,51.4363,44.2653,28289.378256632477,33947.25390795897
2026-06-01,49.09000015258789,51.5545,44.268,30053.761864850876,36064.51423782105
2026-06-02,47.60699844360352,51.5989,44.3023,29262.755805760906,35115.30696691308
2026-06-03,48.86399841308594,51.6604,44.3399,29990.73934088694,35988.88720906433
2026-06-04,48.75199890136719,51.5251,44.3494,29851.40024447851,35821.680293374215
2026-06-05,48.49599838256836,51.6686,44.3793,29792.73360941567,35751.28033129881
2026-06-08,49.82600021362305,51.6375,44.3583,30507.975161630508,36609.570193956606
2026-06-09,48.74399948120117,51.3545,44.5129,29750.17915023967,35700.2149802876
2026-06-10,49.98899841308594,51.8976,44.8437,30753.637419408693,36904.36490329043
2026-06-11,49.689998626708984,51.8945,44.979,30587.052675107778,36704.46321012933
2026-06-12,46.77299880981445,51.8352,44.9256,28937.992942901827,34725.59153148219
2026-06-15,42.50699996948242,51.8592,44.8144,26588.895677825567,31906.67481339068
2026-06-16,41.76900100708008,52.0378,44.8177,26269.530661721525,31523.436794065827
2026-06-17,41.915000915527344,51.9413,44.7828,26302.08003004804,31562.496036057648
2026-06-18,40.52299880981445,51.9306,44.8064,25525.20444927475,30630.245339129695
2026-06-22,41.887001037597656,51.4631,44.9067,26048.006248321064,31257.607497985275
2026-06-23,42.01399993896485,51.4144,44.9093,26093.350946830935,31312.02113619712
2026-06-24,40.875999450683594,51.1048,44.8819,25316.96477631387,30380.357731576645
2026-06-25,40.404998779296875,50.8809,44.8685,24951.402881758193,29941.68345810983
2026-06-26,40.78200149536133,50.9201,44.9229,25175.68221937165,30210.81866324598
2026-06-29,42.564998626708984,51.131,44.8596,26251.5470295506,31501.856435460715
2026-06-30,43.444000244140625,51.1669,44.8478,26749.81587878124,32099.779054537485
2026-07-01,42.77899932861328,51.0334,44.7917,26318.135517045903,31581.762620455087
2026-07-02,44.01499938964844,50.9781,44.7687,26962.40223036454,32354.882676437446
2026-07-06,44.13100051879883,51.0233,44.5696,27047.950532378596,32457.540638854312
2026-07-07,46.57600021362305,50.8696,44.5638,28295.017011984364,33954.02041438124
2026-07-08,49.02199935913086,50.8836,44.5098,29631.000369851143,35557.20044382138
2026-07-09,50.10200119018555,50.6944,44.4766,30106.13410302405,36127.36092362886
2026-07-10,48.654998779296875,50.8768,44.5155,29427.794065974125,35313.352879168946
2026-07-13,51.275001525878906,50.86,44.495,30840.5187034462,37008.622444135435
2026-07-14,52.95899963378906,51.0541,44.6746,31876.06356869662,38251.276282435945
2026-07-15,54.35300064086914,51.1984,44.8833,32728.571774272492,39274.28612912699
2026-07-16,54.78499984741211,51.0664,44.748,32879.561815519184,39455.47417862302
2026-07-17,57.39500045776367,51.1649,44.6173,34367.12563973629,41240.55076768355
2026-07-20,58.742000579833984,51.0595,44.6676,35031.4428831194,42037.73145974328
2026-07-21,59.66299819946289,51.0955,44.703,35558.52040404451,42670.22448485341
2026-07-22,62.5369987487793,51.0981,44.7503,37128.30778154137,44553.969337849645
2026-07-23,61.89799880981445,51.0659,44.7711,36756.89009623096,44108.26811547715
2026-07-24,63.57500076293945,51.0577,44.811,37665.32636814574,45198.39164177488
2026-07-27,58.25299835205078,50.9653,44.8086,34702.21078553319,41642.65294263983
2026-07-28,57.73699951171875,51.074,44.8568,34494.58855393176,41393.50626471811
2026-07-29,60.41999816894531,51.0693,44.9277,35954.57473007347,43145.48967608817
2026-07-30,58.180999755859375,51.0812,44.8789,34741.66281673212,41689.99538007854
2026-07-31,59.07099914550781,51.2747,44.6916,35358.10949828486,42429.73139794183
2026-08-03,57.505001068115234,51.2729,44.6395,34499.411618157785,41399.29394178934
2026-08-04,55.92100143432617,51.6423,44.7876,33873.61623957006,40648.33948748407
2026-08-05,52.40399932861328,51.5372,44.7488,31870.10351507015,38244.12421808418
2026-08-06,55.76900100708008,51.6253,44.6895,33778.160163349414,40533.7921960193
2026-08-07,55.54399871826172,51.6717,44.7626,33684.62171573907,40421.54605888688
2026-08-10,60.79800033569336,51.6148,44.7579,36542.708300733015,43851.24996087961
2026-08-11,58.73500061035156,51.7815,44.8305,35519.906547820014,42623.88785738401
2026-08-12,61.020999908447266,51.7597,44.866,36768.39768016143,44122.07721619372
2026-08-13,60.400001525878906,51.6191,44.7128,36326.12675231099,43591.35210277319
2026-08-14,61.42399978637695,51.5543,44.6988,36844.34602709423,44213.215232513074
2026-08-17,61.75699996948242,51.708,44.7061,37137.18854870483,44564.626258445795
2026-08-18,63.645999908447266,51.8082,44.6938,38253.231011476535,45903.87721377184
2026-08-19,63.38100051879883,51.8304,44.7756,38123.405513165955,45748.08661579915
2026-08-20,65.29499816894531,51.8679,44.7006,39210.05638325115,47052.067659901375
2026-08-21,65.86499786376953,52.1301,44.6144,39723.45327934913,47668.143935218955
2026-08-24,68.31999969482422,52.2492,44.659,41183.140624485095,49419.768749382114
2026-08-25,66.58799743652344,52.1594,44.7064,40148.77920151217,48178.5350418146
2026-08-26,65.6259994506836,52.0898,44.6716,39560.43893653788,47472.526723845454
2026-08-27,68.095001220703125,52.008,44.5717,40868.87638496656,49042.65166195986
2026-08-28,66.97899627685547,51.8578,44.5445,40133.70118286915,48160.44141944298
2026-08-31,69.80899810791016,51.8804,44.5505,41718.42605879661,50062.111270555935
2026-09-01,72.21800231933594,51.6369,44.5249,42851.70588505842,51422.0470620701
2026-09-02,73.634002685546875,51.5357,44.4553,43546.84094650142,52256.2091358017
2026-09-03,71.80999755859375,51.6433,44.6093,42632.596156596715,51159.115387916056
2026-09-04,71.9520034790039,51.9382,44.7273,42953.89364346992,51544.67237216391
